player_uid,player_name,season,exit_speed,angle,direction
h_10009966,"Laskofski, Jamie",2026,77.71032,-36.821942,48.902167
h_1000480577,"Bartletti, Louis",2026,98.81949,6.171986,18.612915
h_1000187570,"Iriotakis, Charlie",2026,99.96005000000001,-14.233797,-18.132009
h_1000302625,"O'Neil, Liam",2026,90.72254000000001,34.989062,-26.589841
h_831482,"Ball, Ethan",2026,87.10108,-5.028351,-29.867449
h_1000343411,"Christman, Trey",2026,88.56945,55.903875,-11.243927
h_824567,"Lutterman, Hudson",2026,97.33115000000001,17.055478,-9.495858
h_831482,"Ball, Ethan",2026,96.64527,37.35702,3.245542
h_1000187570,"Iriotakis, Charlie",2026,98.14787,-6.578864,-14.900365
h_10025942,"Chavez, Conner",2026,84.74674,-23.080796,-9.768592
h_838742,"Grube, Sam",2026,72.81218,41.816312,-32.153352
h_695674,"Hughes, Treyson",2026,79.44903000000001,-8.967536,28.528705
h_838743,"Petrich, Owen",2026,96.83556,15.374823,0.604473
h_1000302625,"O'Neil, Liam",2026,87.29729,-4.349475,18.007015
h_10100779,"Ecker, Chase",2026,93.13833,12.621327,-1.547688
h_824567,"Lutterman, Hudson",2026,57.81467,-45.062992,-56.039512
h_815976,"French, Anderson",2026,98.99265,35.945427,22.84367
h_838741,"Daniel, Pete",2026,57.806490000000004,-12.793721,33.555987
h_10009966,"Laskofski, Jamie",2026,86.15119,23.690633,18.932635
h_1000343411,"Christman, Trey",2026,93.3478,-8.452217,-34.96436
h_1000480577,"Bartletti, Louis",2026,76.94043,16.19891,10.172277
h_10106448,"Kosuda, Matthew",2026,88.21789,16.903995,26.084014
h_811781,"Gates, Sam",2026,79.68927000000001,32.58798,-25.990951
h_824567,"Lutterman, Hudson",2026,96.00677,27.999465,-13.085396
h_1000115649,"Greco, Anthony",2026,88.26818,-25.107803,38.749686
h_831482,"Ball, Ethan",2026,82.79042,-16.425309,33.157791
h_838741,"Daniel, Pete",2026,84.59948,17.875537,13.621753
h_805714,"Cooke, Henry",2026,96.16599000000001,38.775144,-13.224173
h_831482,"Ball, Ethan",2026,71.3514,15.380014,-21.010503
h_1000480577,"Bartletti, Louis",2026,88.01851,56.819578,21.424659
h_1000142987,"Palmese, Jamie",2026,71.97594000000001,-55.38298,-12.287847
h_1000119183,"Curless, Tristan",2026,99.98446,30.55212,4.728176
h_695674,"Hughes, Treyson",2026,79.10125000000001,43.501429,-17.770327
h_838742,"Grube, Sam",2026,98.31338000000001,12.016414,3.634414
h_805714,"Cooke, Henry",2026,73.54522,35.196084,8.751839
h_838743,"Petrich, Owen",2026,NA,NA,NA
h_1000242407,"Matlock, Luke",2026,87.61934000000001,-10.106917,21.233773
h_1000142987,"Palmese, Jamie",2026,96.6363,0.646895,6.715805
h_831482,"Ball, Ethan",2026,96.25219,6.198246,1.865098
h_703551,"Gibson, Ethan",2026,88.1703,62.554349,8.036958
h_811781,"Gates, Sam",2026,98.47103,14.6639,-24.895519
h_824567,"Lutterman, Hudson",2026,69.10601,67.978681,41.703408
h_838741,"Daniel, Pete",2026,81.00644,17.796246,-10.777464
h_1000118912,"Melendez, Axel",2026,86.44429000000001,-34.352591,60.328245
h_1000328644,"Fetterman, Tyler",2026,102.92565,6.755168,-13.580972
h_1000119183,"Curless, Tristan",2026,78.9573,71.786143,-25.295584
h_838742,"Grube, Sam",2026,56.810340000000004,24.999503,-8.817943
h_805714,"Cooke, Henry",2026,100.01872,35.678706,-12.531315
h_838743,"Petrich, Owen",2026,94.46364,27.142283,-11.198709
h_1000314364,"Guanzon, Ian",2026,98.55555,17.174998,1.937858
h_1000281920,"Galusky, Ty",2026,55.113,12.202181,-13.55693
h_831482,"Ball, Ethan",2026,91.65153000000001,9.975732,31.664671
h_811781,"Gates, Sam",2026,24.10205,-35.660281,-50.543773
h_824567,"Lutterman, Hudson",2026,67.52185,5.821832,-28.779813
h_838741,"Daniel, Pete",2026,35.467740000000006,-67.812678,26.235928
h_1000142987,"Palmese, Jamie",2026,54.54046,-44.673567,-28.480686
h_831482,"Ball, Ethan",2026,104.18924,21.358237,13.873239
h_1000328644,"Fetterman, Tyler",2026,94.14752,-7.270975,42.212125
h_1000119183,"Curless, Tristan",2026,87.05409,34.364935,26.218367
h_838741,"Daniel, Pete",2026,101.56559,5.879742,10.690566
h_695674,"Hughes, Treyson",2026,29.900119999999998,-28.530832,-39.245548
h_838742,"Grube, Sam",2026,93.82889,1.97197,24.837665
h_838743,"Petrich, Owen",2026,93.32053,44.685449,3.339511
h_1000314364,"Guanzon, Ian",2026,82.15538000000001,14.81049,-26.304206
h_1000148955,"Ferguson, Henry",2026,85.8506,6.528604,25.258103
h_1000242407,"Matlock, Luke",2026,87.29738,-12.606556,25.088386
h_811781,"Gates, Sam",2026,96.26585,30.315887,1.103395
h_1000118912,"Melendez, Axel",2026,88.08251,-9.855347,25.759545
h_1000328644,"Fetterman, Tyler",2026,98.26524,32.402041,8.343273
h_1000314364,"Guanzon, Ian",2026,91.51092,-8.7532,18.525735
h_1000242087,"Juarez, Gabe",2026,101.04315,10.735766,21.567106
h_1000281926,"Little, Joey",2026,90.93875,25.86358,-3.972742
h_835227,"Bonds, Peyton",2026,59.72514,36.804765,33.781941
h_703552,"Krewson, Chase",2026,70.1669,-5.078943,15.562306
h_814963,"Meglio, Charlie",2026,72.85367000000001,6.986513,-12.81696
h_695674,"Hughes, Treyson",2026,77.97801,29.568369,-2.833829
h_838742,"Grube, Sam",2026,100.82433,19.102848,6.800484
h_831089,"Wells, Trey",2026,94.4096,8.812162,19.661943
h_827330,"Carreras, Yomar",2026,79.90989,15.4773,0.818283
h_831482,"Ball, Ethan",2026,101.34442,31.398365,7.768654
h_838743,"Petrich, Owen",2026,97.09383,0.844816,-19.905138
h_811781,"Gates, Sam",2026,41.67022,61.600682,-37.139875
h_838741,"Daniel, Pete",2026,101.44506,16.425252,-27.047745
h_835227,"Bonds, Peyton",2026,74.54076,24.419511,-9.188329
h_814963,"Meglio, Charlie",2026,97.16999,32.489183,-5.095245
h_838742,"Grube, Sam",2026,101.7073,12.348801,13.994112
h_831482,"Ball, Ethan",2026,56.26137,8.244486,2.614249
h_827330,"Carreras, Yomar",2026,85.11026,29.845282,-3.174784
h_1000220194,"Perilli, Quinten",2026,84.57632000000001,-3.13444,2.777116
h_838743,"Petrich, Owen",2026,74.11309,-38.877312,12.689123
h_811781,"Gates, Sam",2026,90.31466,0.46799,26.473717
h_703550,"Jaros, Ryan",2026,67.11733000000001,28.850043,-14.136419
h_835227,"Bonds, Peyton",2026,71.45193,69.956839,29.436548
h_838742,"Grube, Sam",2026,76.47714,-9.189307,-3.026686
h_831482,"Ball, Ethan",2026,88.78246,-24.172147,32.259913
h_827330,"Carreras, Yomar",2026,85.13253,9.723284,-2.038697
h_836042,"Chatelle, Matthew",2026,99.36976,0.2544,-25.131576
h_838743,"Petrich, Owen",2026,101.75898000000001,10.215077,5.547563
h_838741,"Daniel, Pete",2026,79.88072,-84.957297,63.783081
h_835227,"Bonds, Peyton",2026,85.06648,-46.15036,-23.615542
h_703552,"Krewson, Chase",2026,98.33418,-0.972134,36.671619
h_814963,"Meglio, Charlie",2026,102.69642,7.226497,14.271995
h_822701,"Salinas, Tristan",2026,NA,NA,NA
h_838742,"Grube, Sam",2026,71.27039,24.455857,-8.194542
h_805714,"Cooke, Henry",2026,99.94414,2.316907,24.62863
h_703550,"Jaros, Ryan",2026,99.17762,13.250695,3.824553
h_835227,"Bonds, Peyton",2026,109.99901,-0.349445,-16.50458
h_831426,"Hurt, Willie",2026,95.76962,22.682728,21.446533
h_838742,"Grube, Sam",2026,97.5738,21.966026,-9.8134150000000009
h_838743,"Petrich, Owen",2026,98.44132,32.83453,-9.893635
h_831482,"Ball, Ethan",2026,94.89676,13.239054,25.506499
h_805714,"Cooke, Henry",2026,65.40798000000001,-7.760779,-32.770846
h_811781,"Gates, Sam",2026,79.95738,-20.071636,33.651344
h_1000182451,"Schmidly, Ike",2026,67.51267,-77.625948,157.96693
h_1000361026,"Moody, Reece",2026,96.22984,-0.913294,-25.831365
h_10121639,"Haesler, Keegan",2026,94.75293,17.364182,5.474746
h_824009,"Locurto, Nick",2026,NA,NA,NA
h_838742,"Grube, Sam",2026,99.57306,8.627387,29.251516
h_838743,"Petrich, Owen",2026,NA,NA,NA
h_831482,"Ball, Ethan",2026,83.5232,-11.46118,-37.315155
h_805714,"Cooke, Henry",2026,NA,NA,NA
h_1000114445,"Aycock, Cameron",2026,91.93356,22.757609,25.521445
h_10264381,"Gocio, Ryan",2026,NA,NA,NA
h_1000116120,"Guerrero, Jack",2026,92.38795,18.636938,8.724622
h_10281913,"Langley, Kyle",2026,72.08115000000001,-60.490952,-86.905373
h_838741,"Daniel, Pete",2026,68.98242,-15.000461,-21.849637
h_824567,"Lutterman, Hudson",2026,75.12574000000001,75.728278,30.965426
h_824009,"Locurto, Nick",2026,102.91778000000001,20.966685,-19.061186
h_1000182451,"Schmidly, Ike",2026,105.33929,6.123821,-7.570696
h_10121639,"Haesler, Keegan",2026,75.60947,7.928827,34.704197
h_1000134813,"Thompson, Clay",2026,82.14167,40.400158,19.834486
h_838743,"Petrich, Owen",2026,58.26137,-22.545971,30.6774
h_831482,"Ball, Ethan",2026,72.70872,25.6934,28.687611
h_805714,"Cooke, Henry",2026,97.90438,-39.171783,-39.075671
h_10264381,"Gocio, Ryan",2026,96.25061000000001,14.992386,8.267233
h_838741,"Daniel, Pete",2026,88.43472,27.236934,-30.582254
h_1000182451,"Schmidly, Ike",2026,77.75268,46.140659,-35.043003
h_1000361026,"Moody, Reece",2026,84.14299,-15.656058,-29.974934
h_838742,"Grube, Sam",2026,30.669099999999997,-12.996567,15.525327
h_838743,"Petrich, Owen",2026,83.38559000000001,46.214214,-24.603066
h_10264381,"Gocio, Ryan",2026,55.69657,-47.10904,17.825477
h_1000116120,"Guerrero, Jack",2026,NA,NA,NA
h_10281913,"Langley, Kyle",2026,102.69930000000001,6.447764,8.406077
h_10277040,"Seguin, Josiah",2026,90.73208,-0.140233,1.441131
h_1000182451,"Schmidly, Ike",2026,56.43553,17.257246,14.786223
h_703551,"Gibson, Ethan",2026,83.17459000000001,58.992977,-24.496852
h_838741,"Daniel, Pete",2026,69.97487000000001,-24.841188,-8.324128
h_824567,"Lutterman, Hudson",2026,96.18158,20.940937,-5.638049
h_1000134813,"Thompson, Clay",2026,105.21133,-54.118937,-85.466588
h_1000114445,"Aycock, Cameron",2026,78.27336,62.585532,-3.557805
h_10078856,"Barrow, Ben",2026,94.27216,21.047689,3.093916
h_1000116120,"Guerrero, Jack",2026,87.31947000000001,35.938378,-5.9385
h_838742,"Grube, Sam",2026,37.62509,-44.795894,50.857836
h_838743,"Petrich, Owen",2026,47.320280000000004,17.849433,22.359401
h_10281913,"Langley, Kyle",2026,87.59354,-26.066563,3.94383
h_10277040,"Seguin, Josiah",2026,NA,NA,NA
h_1000182451,"Schmidly, Ike",2026,103.45669000000001,8.568984,-12.991839
h_1000361026,"Moody, Reece",2026,64.99417,-24.867594,-23.104077
h_10121639,"Haesler, Keegan",2026,91.45309,1.736706,31.325742
h_838742,"Grube, Sam",2026,70.3949,-59.46628,40.65636
h_838743,"Petrich, Owen",2026,96.83103,38.613003,2.529477
h_831482,"Ball, Ethan",2026,104.07331,17.732692,-9.085194
h_800606,"Grahovac, Gavin",2026,80.51832,50.096277,16.182501
h_806680,"Hacopian, Chris",2026,103.03378000000001,21.362878,-18.141967
h_808786,"Duer, Jake",2026,96.41074,17.854522,-4.850812
h_824009,"Locurto, Nick",2026,73.15535,-20.316482,-26.499855
h_10100750,"Partida, Nicholas",2026,86.41237000000001,-1.324394,-18.643538
h_838741,"Daniel, Pete",2026,NA,NA,NA
h_695674,"Hughes, Treyson",2026,87.08928,14.573492,-2.81414
h_838742,"Grube, Sam",2026,90.61413,-2.335862,21.157319
h_838743,"Petrich, Owen",2026,70.8207,84.67014,-24.811156
h_1000339305,"Harrison, Connor",2026,102.05572000000001,23.743205,-3.020896
h_800606,"Grahovac, Gavin",2026,101.58766,18.989217,-13.075276
h_831482,"Ball, Ethan",2026,104.17628,-3.961217,-2.874066
h_824009,"Locurto, Nick",2026,96.47802,8.463851,-8.349119
h_811294,"Sorrell, Caden",2026,103.82861,6.4045,-20.908461
h_808786,"Duer, Jake",2026,94.43368000000001,30.662873,21.684623
h_10100750,"Partida, Nicholas",2026,59.99156,-33.955481,-36.455605
h_10069127,"Kiel II, Terrence",2026,83.69915,-4.073038,10.762763
h_828162,"Kellner, Boston",2026,99.35714,20.464537,-21.736855
h_838741,"Daniel, Pete",2026,96.42601,34.961836,14.126657
h_695674,"Hughes, Treyson",2026,74.85156,-37.449594,44.908629
h_838742,"Grube, Sam",2026,97.95952,31.423238,-7.677676
h_809764,"Chestnut, Travis",2026,94.77248,12.111101,16.45887
h_838743,"Petrich, Owen",2026,84.17221,16.952175,14.92056
h_831482,"Ball, Ethan",2026,87.5839,12.799329,22.280309
h_805714,"Cooke, Henry",2026,71.3929,-57.250949,-44.148831
h_824567,"Lutterman, Hudson",2026,70.41272000000001,-4.065675,-42.169392
h_808786,"Duer, Jake",2026,100.7971,13.174064,-8.081889
h_10069127,"Kiel II, Terrence",2026,87.77136,27.168606,14.285725
h_828162,"Kellner, Boston",2026,77.24684,9.104228,-40.440387
h_1000339305,"Harrison, Connor",2026,75.03356000000001,56.064822,19.310415
h_811294,"Sorrell, Caden",2026,100.63253,23.041357,-2.161325
h_702713,"Binderup, Blake",2026,78.19906,26.503163,-18.103159
h_808786,"Duer, Jake",2026,83.50951,12.923338,-26.994203
h_824009,"Locurto, Nick",2026,100.51141,3.895747,-18.893564
h_815976,"French, Anderson",2026,62.362170000000006,-39.331534,53.436715
h_703551,"Gibson, Ethan",2026,77.76377000000001,48.699343,26.515148
h_695674,"Hughes, Treyson",2026,72.71295,-16.419174,17.659445
h_813359,"Teel, Aidan",2026,90.2946,2.394134,-19.166714
h_814505,"Reese, Ace",2026,105.82143,14.990459,-2.035736
h_827671,"Stallman, Reed",2026,105.67273,19.566038,18.285704
h_831482,"Ball, Ethan",2026,97.17369000000001,31.954578,-5.411354
h_825763,"Nunnallee, James",2026,96.62466,-14.568498,-4.129107
h_820842,"Chance, Bryce",2026,101.13339,-5.024041,-9.40896
h_813359,"Teel, Aidan",2026,102.37799,13.407204,-4.030859
h_838741,"Daniel, Pete",2026,87.61072,-23.393071,6.728883
h_829665,"Woodson, Ryder",2026,102.25093,26.210798,-9.777152
h_825763,"Nunnallee, James",2026,84.02720000000001,-14.576826,20.893142
h_820842,"Chance, Bryce",2026,92.70146,-4.381632,-14.42674
h_824567,"Lutterman, Hudson",2026,88.00997000000001,36.705942,30.005528
h_703551,"Gibson, Ethan",2026,89.26145,22.450612,19.232911
h_814505,"Reese, Ace",2026,88.92816,29.194903,-6.419851
h_813559,"Sullivan, Noah",2026,60.1068,70.13536,41.842542
h_824009,"Locurto, Nick",2026,94.7599,23.175494,9.056761
h_831482,"Ball, Ethan",2026,91.74872,38.882526,-8.294113
h_695674,"Hughes, Treyson",2026,98.53132000000001,-2.440639,2.288266
h_827671,"Stallman, Reed",2026,100.88794,9.304553,23.30898
h_831539,"Frei, Gehrig",2026,105.05829,5.806931,-25.63837
h_838762,"Raymond, Andrew",2026,90.28641,47.934147,-14.932905
h_829665,"Woodson, Ryder",2026,67.26148,-50.318422,-33.771268
h_838741,"Daniel, Pete",2026,96.37084,25.067478,12.617469
h_805714,"Cooke, Henry",2026,52.65325,-80.323368,-78.615632
h_814505,"Reese, Ace",2026,99.71658000000001,15.485584,-14.06697
h_827671,"Stallman, Reed",2026,88.36151000000001,27.700555,23.326528
h_831482,"Ball, Ethan",2026,106.5279,24.406739,2.774391
h_831539,"Frei, Gehrig",2026,108.04644,14.544737,33.652239
h_829665,"Woodson, Ryder",2026,NA,NA,NA
h_824567,"Lutterman, Hudson",2026,NA,NA,NA
h_831539,"Frei, Gehrig",2026,83.05156000000001,54.044133,6.25869
h_829665,"Woodson, Ryder",2026,102.02977,-11.217088,-27.389555
h_825763,"Nunnallee, James",2026,81.33833,73.687327,28.895873
h_831480,"Oxendine, CJ",2026,88.68633,-4.364045,7.681481
h_824009,"Locurto, Nick",2026,98.85816,6.149601,7.71822
h_831481,"Chandler, Aimon",2026,105.10276,30.792902,-2.38608
h_695674,"Hughes, Treyson",2026,72.66311,-12.70724,34.653534
h_814505,"Reese, Ace",2026,105.87482,0.854379,4.471756
h_813559,"Sullivan, Noah",2026,56.08999,25.465642,12.586349
h_815976,"French, Anderson",2026,103.54766000000001,28.751177,24.298519
h_824567,"Lutterman, Hudson",2026,98.1603,32.775516,-32.914433
h_811781,"Gates, Sam",2026,105.43877,22.829352,20.523056
h_824009,"Locurto, Nick",2026,88.5813,51.256104,27.826233
h_814822,"Ford, Henry",2026,100.11970000000001,43.648854,0.813255
h_824567,"Lutterman, Hudson",2026,90.76376,36.604746,-19.085524
h_815155,"Clark, Levi",2026,97.85254,31.103634,-1.730104
h_811781,"Gates, Sam",2026,64.70785000000001,17.785478,6.997628
h_838742,"Grube, Sam",2026,51.13224,-71.387648,72.600544
h_815514,"Newstrom, Chris",2026,88.0391,20.14666,3.504903
h_804563,"Marin, Manny",2026,53.45709,58.208737,-30.567187
h_806021,"Antigua, Ariel",2026,73.79441,-5.063859,23.972666
h_824009,"Locurto, Nick",2026,94.73939,25.271692,-29.9975
h_695674,"Hughes, Treyson",2026,56.634,62.754327,-34.186507
h_824567,"Lutterman, Hudson",2026,66.70686,-8.538587,-17.11594
h_815155,"Clark, Levi",2026,49.79247,-54.070739,-43.941129
h_702256,"Chapman, Reese",2026,94.98753,25.832807,11.96887
h_826051,"Myatt, Tyler",2026,76.80266,33.509517,6.36777
h_838741,"Daniel, Pete",2026,71.22806,-18.454502,-10.146899
h_811781,"Gates, Sam",2026,92.9042,24.960198,-15.034783
h_815514,"Newstrom, Chris",2026,71.98405,-60.051117,-52.08965
h_804563,"Marin, Manny",2026,77.6384,39.527264,-3.567677
h_806021,"Antigua, Ariel",2026,66.49344,55.3219,28.649455
h_824009,"Locurto, Nick",2026,89.94423,14.043185,-12.341237
h_824567,"Lutterman, Hudson",2026,85.51342,69.877077,21.14003
h_814822,"Ford, Henry",2026,64.83265,-6.809815,-2.231605
h_825579,"Brown, Blaine",2026,75.9922,-2.549199,3.009893
h_815155,"Clark, Levi",2026,101.25895,11.604585,-39.785941
h_838743,"Petrich, Owen",2026,101.07117000000001,8.395857,13.396524
h_811781,"Gates, Sam",2026,98.9541,-13.035322,15.834141
h_804563,"Marin, Manny",2026,93.13043,-10.557467,31.023531
h_806021,"Antigua, Ariel",2026,86.98758000000001,27.883358,4.934089
h_831482,"Ball, Ethan",2026,97.53611000000001,37.269171,-7.299641
h_814822,"Ford, Henry",2026,98.03749,17.183042,-4.419388
h_815155,"Clark, Levi",2026,96.26821,-3.221437,-20.888668
h_702256,"Chapman, Reese",2026,42.86668,-48.733328,-91.215518
h_695674,"Hughes, Treyson",2026,97.20752,15.052223,1.185097
h_838743,"Petrich, Owen",2026,85.28782,-33.547863,-13.852662
h_1000125439,"Bottone, Evan",2026,92.67686,-10.683207,8.198276
h_1000222330,"Kamerer, Tyler",2026,79.11781,58.036261,-27.357089
h_822961,"Halter, Jackson",2026,55.754740000000005,-75.209814,-24.604733
h_1000301840,"Havrilla, Aj",2026,82.00899,70.565719,17.03132
h_838742,"Grube, Sam",2026,96.85046,9.047271,-22.369888
h_838741,"Daniel, Pete",2026,83.08036,21.790905,3.603385
h_831482,"Ball, Ethan",2026,90.99388,26.969564,-17.002294
h_1000301843,"Murdoch, Ethan",2026,9.34103,-25.02431,147.29423
h_811781,"Gates, Sam",2026,30.255660000000002,-37.653474,-48.056859
h_824567,"Lutterman, Hudson",2026,92.87789000000001,25.666845,-3.369762
h_824574,"Smith, Jack",2026,97.48503000000001,-10.259423,25.402704
h_10054378,"Gubba, Wil",2026,58.5043,-28.705635,-17.370948
h_1000125439,"Bottone, Evan",2026,NA,NA,NA
h_1000222330,"Kamerer, Tyler",2026,86.98288000000001,-34.259535,23.764762
h_838742,"Grube, Sam",2026,96.29112,14.187287,25.685057
h_838741,"Daniel, Pete",2026,98.59166,22.188584,-10.692277
h_831482,"Ball, Ethan",2026,94.12416,-5.520253,-9.067226
h_10054885,"Hinson, Cooper",2026,89.03055,9.716858,-21.555454
h_824647,"Onate, Mason",2026,96.08326000000001,3.185022,-8.093301
h_824567,"Lutterman, Hudson",2026,94.58781,11.241721,5.79158
h_838742,"Grube, Sam",2026,NA,NA,NA
h_1000301843,"Murdoch, Ethan",2026,107.47373,20.160236,-27.326741
h_824647,"Onate, Mason",2026,73.50102,-45.009734,35.417636
h_824574,"Smith, Jack",2026,84.98956,55.337234,0.479596
h_1000125439,"Bottone, Evan",2026,72.26517,25.248574,20.217897
h_1000222330,"Kamerer, Tyler",2026,76.4593,7.184956,-30.601257
h_811781,"Gates, Sam",2026,93.77364,15.641363,-10.199164
h_838743,"Petrich, Owen",2026,49.80519,-62.161261,-12.132322
h_824567,"Lutterman, Hudson",2026,75.82792,20.607322,-32.615087
h_10054378,"Gubba, Wil",2026,70.77095,20.386461,-35.975959
h_1000222330,"Kamerer, Tyler",2026,88.04369,-6.010304,-15.888205
h_831482,"Ball, Ethan",2026,102.45789,8.198582,24.299795
h_824009,"Locurto, Nick",2026,91.07719,16.351157,13.204019
h_695674,"Hughes, Treyson",2026,84.78620000000001,24.088834,-19.783086
h_831480,"Oxendine, CJ",2026,64.75107,-30.670739,-36.543101
h_831426,"Hurt, Willie",2026,93.62588000000001,14.121044,-10.995799
h_824567,"Lutterman, Hudson",2026,68.83521,26.913351,-22.681377
h_831481,"Chandler, Aimon",2026,78.90971,69.480832,-29.368828
h_1000222330,"Kamerer, Tyler",2026,76.05561,-11.436808,23.91385
h_703551,"Gibson, Ethan",2026,59.78414,-18.392342,4.175667
h_831482,"Ball, Ethan",2026,84.85988,36.478957,17.292022
h_695674,"Hughes, Treyson",2026,69.2974,32.754839,10.383783
h_824009,"Locurto, Nick",2026,98.36716,-6.23587,35.328074
h_838742,"Grube, Sam",2026,95.54765,4.034547,25.374706
h_838743,"Petrich, Owen",2026,72.02936,62.40609,-3.540562
h_806039,"Burress, Drew",2026,106.31947000000001,16.543374,-17.72032
h_812674,"Schmidt, Kent",2026,102.09696000000001,8.952454,8.112641
h_822871,"Zuckerman, Ryan",2026,88.34586,16.781944,5.909948
h_815976,"French, Anderson",2026,88.82425,31.71372,29.747959
h_703551,"Gibson, Ethan",2026,61.90912,32.887514,-20.892738
h_822871,"Zuckerman, Ryan",2026,102.66406,-9.396279,9.876418
h_815345,"Baker, Will",2026,84.98554,-42.098542,30.443418
h_812668,"Kerce, Carson",2026,82.26388,63.495366,5.960481
h_831482,"Ball, Ethan",2026,100.54369,-8.214394,16.966427
h_838742,"Grube, Sam",2026,76.99805,-59.550625,94.750791
h_838743,"Petrich, Owen",2026,95.4787,12.386024,-1.839151
h_806039,"Burress, Drew",2026,79.67441000000001,62.375524,-12.370192
h_815415,"Hernandez, Alex",2026,84.49251,16.150052,-10.128863
h_814181,"Advincula, Jarren",2026,77.76913,44.427274,15.49371
h_815976,"French, Anderson",2026,72.20272,37.25383,-12.283655
h_703551,"Gibson, Ethan",2026,97.70895,21.737959,-6.032423
h_814181,"Advincula, Jarren",2026,93.55913,21.914949,1.343191
h_812674,"Schmidt, Kent",2026,83.54824,54.921634,38.715341
h_838742,"Grube, Sam",2026,85.6917,2.986444,22.311286
h_838743,"Petrich, Owen",2026,93.57811000000001,37.962902,11.749088
h_822871,"Zuckerman, Ryan",2026,98.10394000000001,34.794647,-5.224344
h_811441,"Rogers, Drew",2026,90.14189,33.649318,-17.170644
h_812668,"Kerce, Carson",2026,98.7701,18.554277,-9.065163
h_806039,"Burress, Drew",2026,89.90127,-27.423513,-48.664696
h_831480,"Oxendine, CJ",2026,52.69805,-62.485838,-58.043644
h_814181,"Advincula, Jarren",2026,54.845310000000005,-54.85043,52.924576
h_812494,"Brown, Cade",2026,62.601380000000006,-1.781655,-5.539252
h_695674,"Hughes, Treyson",2026,83.90682,-24.637866,15.91048
h_824009,"Locurto, Nick",2026,95.32771,1.28771,-3.612873
h_695674,"Hughes, Treyson",2026,87.81488,50.860751,-4.360734
h_831482,"Ball, Ethan",2026,64.25584,-67.044769,93.182085
h_824567,"Lutterman, Hudson",2026,99.98369000000001,9.501164,-31.876314
h_1000091685,"Gracia, AJ",2026,92.32892,53.563082,-10.850722
h_1000278564,"Tiroly, Joe",2026,69.1281,44.469696,-12.593985
h_806117,"Harris, Sam",2026,61.41228000000001,27.734074,-6.750056
h_703494,"Didawick, Harrison",2026,94.74576,18.952427,27.061882
h_823374,"Murray, Noah",2026,93.69602,40.779248,-3.512019
h_703551,"Gibson, Ethan",2026,81.31256,23.210064,11.159239
h_836029,"Jouras, Noah",2026,43.80895,-9.356195,-35.255498
h_806027,"Becker, Eric",2026,89.9899,25.442251,-28.507562
h_1000278564,"Tiroly, Joe",2026,57.19435,12.526142,-14.417088
h_695674,"Hughes, Treyson",2026,14.466809999999999,-54.133965,-3.988835
h_824009,"Locurto, Nick",2026,99.15817,-9.700305,-11.246313
h_831482,"Ball, Ethan",2026,73.64537,-6.869364,-16.926186
h_838742,"Grube, Sam",2026,98.54429,1.501177,22.756303
h_703494,"Didawick, Harrison",2026,102.59870000000001,12.365593,6.192263
h_832363,"Jackson, Zach",2026,88.48479,3.106563,-1.418176
h_824567,"Lutterman, Hudson",2026,70.36936,16.77508,-33.112567
h_805714,"Cooke, Henry",2026,79.21045000000001,10.641436,-24.797084
h_838743,"Petrich, Owen",2026,87.93017,11.380415,-25.638838
h_811781,"Gates, Sam",2026,60.52798,-79.455872,75.105145
h_703551,"Gibson, Ethan",2026,88.68618000000001,31.460595,11.743296
h_702973,"Johnson, Kyle",2026,90.33656,9.449067,-26.265137
h_836029,"Jouras, Noah",2026,29.633889999999997,-41.273749,-44.194842
h_1000091685,"Gracia, AJ",2026,88.11559,-20.344915,7.130219
h_824009,"Locurto, Nick",2026,89.26872,4.127549,-9.074517
h_1000278564,"Tiroly, Joe",2026,85.68828,27.28617,14.907796
h_806117,"Harris, Sam",2026,87.41138000000001,8.350004,-20.906754
h_703494,"Didawick, Harrison",2026,62.02949000000001,-63.429885,92.232939
h_823374,"Murray, Noah",2026,97.76157,22.681323,-24.075035
h_824567,"Lutterman, Hudson",2026,44.156420000000004,-13.126265,-47.117271
h_838743,"Petrich, Owen",2026,52.58559,-45.592858,45.356106
h_811781,"Gates, Sam",2026,102.5744,18.64769,31.756857
h_703551,"Gibson, Ethan",2026,124.43049,-49.386037,-37.255572
h_806027,"Becker, Eric",2026,101.19437,-5.668594,6.311686
h_1000091685,"Gracia, AJ",2026,101.00729,20.952318000000002,-9.898996
h_1000278564,"Tiroly, Joe",2026,65.79558,25.657571,-27.411785
h_824009,"Locurto, Nick",2026,98.71603,25.703188,-0.16808
h_702973,"Johnson, Kyle",2026,101.08272000000001,4.442844,-22.101754
h_836029,"Jouras, Noah",2026,30.12156,-44.209193,7.489209
h_806027,"Becker, Eric",2026,57.22903,-58.446694,-80.390617
h_824567,"Lutterman, Hudson",2026,73.08774,14.984836,-37.011522
h_703494,"Didawick, Harrison",2026,80.33497,43.00494,39.589796
h_832363,"Jackson, Zach",2026,82.62264,49.561159,-10.824595
h_838741,"Daniel, Pete",2026,97.00725,-1.906917,-14.76816
h_1000072078,"Flores, Nick",2026,93.15025,20.035275,10.461607
h_838742,"Grube, Sam",2026,93.37097,33.138711,-2.999703
h_811781,"Gates, Sam",2026,78.61981,-28.288865,43.344608
h_813811,"Kirkpatrick, Nathan",2026,83.72151000000001,19.100763,-20.287127
h_801499,"DeFranco, Dante",2026,88.89992000000001,32.470353,-21.855668
h_824567,"Lutterman, Hudson",2026,96.95047000000001,23.509806,-31.546805
h_838741,"Daniel, Pete",2026,98.37207000000001,2.867756,29.432427
h_805714,"Cooke, Henry",2026,84.49553,28.315472,29.525846
h_1000133703,"Lethert, Teige",2026,77.36877,50.714959,-3.117996
h_1000072078,"Flores, Nick",2026,96.35817,14.370778,-15.769879
h_831931,"Warden, Alec",2026,75.84063,-24.035433,-23.715669
h_838743,"Petrich, Owen",2026,87.74423,62.025965,-20.547828
h_695674,"Hughes, Treyson",2026,77.98375,-51.729211,-21.341245
h_838742,"Grube, Sam",2026,66.1413,-51.244799,23.410778
h_10063085,"Petite, Michael",2026,106.38721,10.00543,-3.087602
h_801499,"DeFranco, Dante",2026,NA,NA,NA
h_815976,"French, Anderson",2026,58.61735,-7.327625,19.758869
h_838741,"Daniel, Pete",2026,93.13451,0.185221,3.688675
h_805714,"Cooke, Henry",2026,72.64353,-69.015472,-72.666262
h_10063085,"Petite, Michael",2026,104.0029,27.556435,-14.151231
h_813811,"Kirkpatrick, Nathan",2026,69.06612,-11.546723,12.891478
h_824567,"Lutterman, Hudson",2026,64.27340000000001,12.578713,-30.302456
h_815976,"French, Anderson",2026,83.18192,-71.488045,134.652053
h_838741,"Daniel, Pete",2026,49.311,-1.67068,17.06497
h_801499,"DeFranco, Dante",2026,81.4144,47.536307,19.358441
h_824554,"Adelman, Trent",2026,83.51823,37.58015,0.772732
h_1000133703,"Lethert, Teige",2026,101.08739,16.463504,-1.935919
h_1000072078,"Flores, Nick",2026,68.24600000000001,-5.204094,-36.697261
h_695674,"Hughes, Treyson",2026,90.29776,18.385844,14.082752
h_1000162895,"Tousa, Cade",2026,88.358,9.99531,6.861718
h_1000115663,"Lee, Jacob",2026,95.79690000000001,8.761709,-39.568178
h_10063085,"Petite, Michael",2026,102.16329,36.686662,7.002574
h_813811,"Kirkpatrick, Nathan",2026,87.08404,13.390866,-4.702793
h_838741,"Daniel, Pete",2026,88.38673,3.824634,-2.106416
h_805714,"Cooke, Henry",2026,27.473679999999998,12.395354,-5.628567
h_824009,"Locurto, Nick",2026,90.58172,42.318631,9.070502
h_824567,"Lutterman, Hudson",2026,91.6369,14.049596,-4.312936
h_10063085,"Petite, Michael",2026,85.59541,27.722066,11.213533
h_813811,"Kirkpatrick, Nathan",2026,62.45022,-15.964092,-18.616399
h_1000224300,"Maher, Quinn",2026,76.98931,35.048436,-27.167328
h_806115,"Hamilton, RJ",2026,93.57956,0.757888,-22.520521
h_838742,"Grube, Sam",2026,84.12078,9.371989,28.308983
h_1000120627,"Smith, Kaden",2026,71.6725,-9.064705,18.568042
h_812510,"Quagliano, Coltin",2026,64.68443,-5.39537,-40.863
h_811781,"Gates, Sam",2026,53.07343,-67.806106,-67.593913
h_838743,"Petrich, Owen",2026,78.83727,75.953654,43.439466
h_1000462705,"Perez, Brooks",2026,61.78241,-41.745739,-56.40231
h_830145,"Lambdin, Jake",2026,75.70904,-27.247342,-52.19121
h_831482,"Ball, Ethan",2026,79.75623,-40.127636,11.955721
h_703486,"Albright, Tyler",2026,82.17536,-16.751392,-23.360601
h_1000462706,"Anderson, Collin",2026,101.65759,17.639918,-22.626578
h_805714,"Cooke, Henry",2026,105.72678,10.993091,-6.095766
h_695674,"Hughes, Treyson",2026,79.34098,-47.173529,15.86759
h_838742,"Grube, Sam",2026,80.23716,29.251522,26.385688
h_812510,"Quagliano, Coltin",2026,98.39370000000001,18.914989,-14.886399
h_835059,"DiMartini, Michael",2026,96.96419,12.661388,-27.69643
h_824567,"Lutterman, Hudson",2026,92.03089,14.512948,2.887166
h_811781,"Gates, Sam",2026,23.81789,7.364592,6.074109
h_1000462705,"Perez, Brooks",2026,97.93494,1.139276,-6.534607
h_830145,"Lambdin, Jake",2026,95.13285,20.174522,-10.706644
h_703486,"Albright, Tyler",2026,68.25651,-16.091348,-23.754742
h_805714,"Cooke, Henry",2026,81.24883,-3.059447,-44.242318
h_838742,"Grube, Sam",2026,93.20906000000001,-7.4837,33.78795
h_1000120627,"Smith, Kaden",2026,59.163410000000006,22.144106,-8.531172
h_1000068590,"Strand, Matthew",2026,97.56021,5.815429,-21.822759
h_812510,"Quagliano, Coltin",2026,85.72025000000001,-14.021537,1.653811
h_831482,"Ball, Ethan",2026,90.43154,49.099463,10.467108
h_695718,"Marsh, Bobby",2026,87.27168,5.006796,7.763781
h_830145,"Lambdin, Jake",2026,86.93931,63.90334,2.273177
h_1000462706,"Anderson, Collin",2026,85.01479,24.035356,8.418653
h_838742,"Grube, Sam",2026,98.37598,-11.301743,-17.113805
h_815489,"Lougee, Jeff",2026,91.89642,37.734396,-25.139405
h_815427,"Johnson, Trevor",2026,68.8037,-43.087876,36.714943
h_834598,"Tokheim, Teddy",2026,103.00924,33.362772,-27.016462
h_807287,"Bates, Charlie",2026,86.53654,38.90345,-9.678111
h_838741,"Daniel, Pete",2026,69.03081,7.822962,23.052785
h_831482,"Ball, Ethan",2026,74.85618000000001,53.13912,19.760324
h_824567,"Lutterman, Hudson",2026,97.33774,5.486301,14.800578
h_811781,"Gates, Sam",2026,NA,NA,NA
h_805714,"Cooke, Henry",2026,99.56114000000001,1.730359,16.442496
h_827685,"Sasaki, Rintaro",2026,99.79763,43.605416,33.397025
h_834598,"Tokheim, Teddy",2026,100.40205,6.651691,22.071731
h_807287,"Bates, Charlie",2026,69.40787,-16.268573,-1.393076
h_824567,"Lutterman, Hudson",2026,93.33382,-1.823474,-29.676508
h_824009,"Locurto, Nick",2026,97.17324,19.485697,9.297069
h_811781,"Gates, Sam",2026,80.08794,7.485185,40.213105
h_703551,"Gibson, Ethan",2026,73.5044,77.952772,-4.07784
h_837510,"Jeon, Eric",2026,105.18937,2.337099,-34.302915
h_826306,"Marsh, Tatum",2026,103.4522,7.431364,-7.79422
h_823332,"Hott, Ethan",2026,101.6151,5.847079,8.29144
h_831426,"Hurt, Willie",2026,84.5335,-11.848237,-24.131731
h_838742,"Grube, Sam",2026,78.29742,33.847284,-17.128411
h_838741,"Daniel, Pete",2026,101.22514,-0.766317,2.489794
h_831482,"Ball, Ethan",2026,73.01203,56.760784,-4.383985
h_834598,"Tokheim, Teddy",2026,82.5857,50.364535,15.920861
h_807287,"Bates, Charlie",2026,94.41058,26.161393,-12.133973
h_824567,"Lutterman, Hudson",2026,68.62998,8.599871,-21.098351
h_824009,"Locurto, Nick",2026,85.41729000000001,-34.356506,24.568131
h_811781,"Gates, Sam",2026,79.95299,-3.512284,42.420523
h_838742,"Grube, Sam",2026,67.66032,-32.555165,46.151775
h_838741,"Daniel, Pete",2026,95.02844,1.179384,-2.3384
h_823332,"Hott, Ethan",2026,54.71829,-14.62983,31.724479
h_827685,"Sasaki, Rintaro",2026,105.79811000000001,8.03563,21.27566
h_824567,"Lutterman, Hudson",2026,87.19859,-2.585382,-29.030001
h_824009,"Locurto, Nick",2026,75.8753,-38.264609,-55.283511
h_837510,"Jeon, Eric",2026,97.10416000000001,-12.056666,-18.921051
h_822679,"MacDonald, Cort",2026,67.94476,41.560994,-18.214095
h_838742,"Grube, Sam",2026,86.40291,23.783651,0.160931
h_822679,"MacDonald, Cort",2026,101.99510000000001,5.20107,27.283138
h_827685,"Sasaki, Rintaro",2026,69.47827000000001,-59.605452,56.259932
h_831482,"Ball, Ethan",2026,94.34757,2.130226,25.669427
h_838742,"Grube, Sam",2026,95.84536,22.156348,17.316129
h_805714,"Cooke, Henry",2026,101.12844,21.826827,-8.755938
h_1000087044,"Son, Junho",2026,94.67111,16.629869,18.88198
h_10026274,"Keen, Hunter",2026,65.56742,8.067961,14.082396
h_10077581,"Hudgins, Eli",2026,90.4231,0.996772,-28.630164
h_811781,"Gates, Sam",2026,98.46531,25.344308,-0.964371
h_703551,"Gibson, Ethan",2026,91.46079,38.284164,18.24019
h_695674,"Hughes, Treyson",2026,97.94376,23.115792,31.477083
h_10139818,"Nace, Breckin",2026,88.75041,7.878922,8.050329
h_1000091127,"Powell, Brady",2026,61.74671000000001,-23.313416,7.086287
h_824575,"Toole, Noah",2026,82.54168,-4.88916,-15.329083
h_831482,"Ball, Ethan",2026,82.31487,24.197183,30.849116
h_805714,"Cooke, Henry",2026,94.51323000000001,37.750163,8.228227
h_824009,"Locurto, Nick",2026,95.30290000000001,35.736327,-22.537151
h_814843,"Self, Mason",2026,93.34127000000001,-46.251199,-47.922095
h_815729,"Sparrer, Tyler",2026,92.48825000000001,16.542884,-16.15719
h_1000133418,"Whitacre, Brady",2026,59.402010000000004,-28.304693,39.937386
h_1000087044,"Son, Junho",2026,86.58291,25.506543,-37.616432
h_838742,"Grube, Sam",2026,94.45876,13.661007,-12.709857
h_814843,"Self, Mason",2026,74.16414,-2.142615,-15.179013
h_1000133418,"Whitacre, Brady",2026,77.37157,1.47516,-9.22806
h_824009,"Locurto, Nick",2026,92.26183,26.110355,-26.725722
h_811781,"Gates, Sam",2026,99.35841,10.222298,-3.067478
h_695674,"Hughes, Treyson",2026,NA,NA,NA
h_1000087044,"Son, Junho",2026,96.47105,-5.941513,30.201682
h_10026274,"Keen, Hunter",2026,83.37844,-9.884399,18.877249
h_838742,"Grube, Sam",2026,70.19290000000001,3.20866,20.038297
h_805714,"Cooke, Henry",2026,76.89392000000001,-8.749186,-17.198884
h_1000091127,"Powell, Brady",2026,75.44685,58.733822,22.50081
h_811781,"Gates, Sam",2026,100.62856000000001,-2.749429,-7.35716
h_1000133418,"Whitacre, Brady",2026,90.37294,2.447342,-17.336587
h_838742,"Grube, Sam",2026,68.76307,-48.354681,5.747209
h_824009,"Locurto, Nick",2026,98.00802,18.840938,-24.542404
h_811781,"Gates, Sam",2026,86.90645,-16.496217,19.780912
h_10139818,"Nace, Breckin",2026,70.44873,-19.988522,7.25801
h_831482,"Ball, Ethan",2026,91.05015,-0.233092,42.289363
h_838742,"Grube, Sam",2026,57.460750000000004,-45.432156,-4.07212
h_824009,"Locurto, Nick",2026,102.25421,-5.046082,-21.067511
h_804826,"Ogden, Jake",2026,96.26823,-9.961728,-29.306746
h_804562,"Cuvet, Daniel",2026,69.03960000000001,44.697723,13.171881
h_806227,"Sosa, Alex",2026,85.49733,6.008078,-0.30884
h_824567,"Lutterman, Hudson",2026,97.09016,9.351045,1.737321
h_703551,"Gibson, Ethan",2026,75.38835,-30.641168,-58.059203
h_804746,"Williams, Derek",2026,99.88392,33.099939,-12.736112
h_807408,"West, Brylan",2026,86.23018,55.030413,27.228159
h_804451,"Sheahan, Vance",2026,89.84059,-16.284732,-2.089006
h_828345,"Alvarez, Alonzo",2026,96.21108000000001,-6.559448,-9.811784
h_806678,"Peralta, Fabio",2026,79.48371,-19.546039,48.417127
h_804826,"Ogden, Jake",2026,95.30632,28.095535,-13.74224
h_831482,"Ball, Ethan",2026,60.372240000000005,-56.050069,-10.842041
h_838742,"Grube, Sam",2026,95.69884,17.848755,0.570159
h_804746,"Williams, Derek",2026,98.7398,-5.255369,35.160057
h_804451,"Sheahan, Vance",2026,31.36236,-18.454565,29.050428
h_828130,"Dubovik, Dylan",2026,99.66078,-2.228003,-12.083039
h_828345,"Alvarez, Alonzo",2026,69.75074000000001,59.749206,-33.9708
h_805714,"Cooke, Henry",2026,73.11666,-13.73251,-14.457394
h_824009,"Locurto, Nick",2026,80.64885,-9.695177,22.805357
h_824567,"Lutterman, Hudson",2026,76.70034,15.925636,-15.108846
h_828130,"Dubovik, Dylan",2026,92.59562,46.260286,12.587044
h_828345,"Alvarez, Alonzo",2026,99.41504,24.812426,9.573665
h_806678,"Peralta, Fabio",2026,99.19597,6.604126,-9.714244
h_804562,"Cuvet, Daniel",2026,76.3279,27.131925,-31.644077
h_703551,"Gibson, Ethan",2026,91.61304,49.672295,-10.06179
h_838743,"Petrich, Owen",2026,91.90891,21.935432,34.371749
h_828130,"Dubovik, Dylan",2026,91.38877000000001,13.42665,25.376313
h_803344,"Galvin, Max",2026,36.112030000000004,13.520299,-5.148062
h_806678,"Peralta, Fabio",2026,70.71427,27.949623,18.632723
h_813298,"Milano, Gabriel",2026,98.00078,19.346031,3.156424
h_831480,"Oxendine, CJ",2026,71.51652,51.276768,29.496008
h_824009,"Locurto, Nick",2026,73.83105,-38.037402,-54.916403
h_831481,"Chandler, Aimon",2026,86.19023,64.789388,-12.571866
h_813527,"Gary, Bennett",2026,94.46835,-1.118331,14.701842
h_813915,"De Goti, Brandon",2026,75.5964,-7.034979,-36.826375
