player_uid,player_name,team_code,school_name,conference,season,bats,throws,class_year,production_rank,draft_value_score,reach_score,impact_score,contact_score,risk_score,plate_events,bbe_count,p90_ev_wood_adj,avg_ev_wood_adj,barrel_rate_proxy_wood_adj,contact_rate,whiff_rate,chase_rate,trend_delta,data_completeness_score,one_season_only_flag,missing_critical_count,export_ts
h_829665,"Woodson, Ryder",MSU_BDG,Mississippi State,SEC,2026,Right,Unknown,Unknown,1,68.40316573556797,76.44320297951583,87.15083798882681,49.906890130353815,34.357541899441344,5,4,102.206698,90.51406,25,90,10,42.857142857142854,0,47.05882352941176,TRUE,9,2026-04-20 14:17:54 EDT
h_814505,"Reese, Ace",MSU_BDG,Mississippi State,SEC,2026,Left,Unknown,Unknown,2,65.53538175046555,68.5288640595903,65.3631284916201,70.2048417132216,15.363128491620111,4,4,105.858803,100.08524750000001,0,100,0,10,0,35.294117647058826,TRUE,11,2026-04-20 14:17:54 EDT
h_822871,"Zuckerman, Ryan",GIT_YEL,Georgia Tech,ACC,2026,Right,Unknown,Unknown,3,61.76210428305401,62.290502793296085,60.14897579143389,71.13594040968343,13.268156424581006,4,3,101.752036,96.37128666666668,0,100,0,0,0,30.769230769230774,TRUE,9,2026-04-20 14:17:54 EDT
h_1000328644,"Fetterman, Tyler",ETS_BUC,East Tennessee State,SoCon,2026,Right,Unknown,Unknown,4,61.594506517690874,62.61638733705772,61.452513966480446,71.13594040968343,18.296089385474858,4,3,101.99356800000001,98.44613666666667,0,100,0,0,0,23.80952380952381,TRUE,16,2026-04-20 14:17:54 EDT
h_834598,"Tokheim, Teddy",STA_CAR,Stanford,ACC,2026,Right,Unknown,Unknown,5,60.75651769087523,61.31284916201117,59.5903165735568,67.78398510242086,10.47486033519553,4,3,102.487802,95.33233,0,100,0,14.285714285714286,0,46.15384615384615,FALSE,7,2026-04-20 14:17:54 EDT
h_10063085,"Petite, Michael",VCU_RAM,VCU,Atlantic 10,2026,Right,Unknown,Unknown,6,60.37476722532588,71.97392923649907,98.13780260707635,21.042830540037244,53.49162011173185,5,4,105.671917,99.5372025,25,62.5,37.5,50,0,28.57142857142857,TRUE,10,2026-04-20 14:17:54 EDT
h_824009,"Locurto, Nick",VIR_TEC,Virginia Tech,ACC,2026,Right,Unknown,Unknown,7,59.02001862197393,77.32774674115457,53.072625698324025,59.5903165735568,35.89385474860335,50,26,99.970114,92.1285972,0,78.26086956521739,21.73913043478261,17.204301075268816,4.758953999999989,21.76165803108809,FALSE,151,2026-04-20 14:17:54 EDT
h_831539,"Frei, Gehrig",MSU_BDG,Mississippi State,SEC,2026,Left,Unknown,Unknown,8,58.60567970204842,49.95344506517691,66.66666666666667,71.13594040968343,16.620111731843576,4,1,108.04644,108.04644,0,100,0,0,0,25,TRUE,3,2026-04-20 14:17:54 EDT
h_837510,"Jeon, Eric",STA_CAR,Stanford,ACC,2026,Right,Unknown,Unknown,9,58.11685288640595,50.046554934823085,64.80446927374301,71.13594040968343,15.782122905027931,3,2,104.380849,101.146765,0,100,0,0,0,23.076923076923066,FALSE,10,2026-04-20 14:17:54 EDT
h_1000462706,"Anderson, Collin",DUK_BLU,Duke,ACC,2026,Right,Unknown,Unknown,10,57.32774674115456,53.957169459962756,54.18994413407821,71.13594040968343,6.70391061452514,4,2,99.99331,93.33619,0,100,0,0,0,44.44444444444444,TRUE,5,2026-04-20 14:17:54 EDT
h_1000091685,"Gracia, AJ",VIR_CAV,Virginia,ACC,2026,Left,Unknown,Unknown,11,56.39199255121042,59.49720670391061,52.886405959031656,67.22532588454375,18.156424581005588,4,3,99.271616,93.81726666666667,0,100,0,16.666666666666668,0,33.33333333333334,TRUE,8,2026-04-20 14:17:54 EDT
h_820842,"Chance, Bryce",MSU_BDG,Mississippi State,SEC,2026,Right,Unknown,Unknown,12,55.938081936685286,45.67039106145251,59.031657355679705,71.13594040968343,5.167597765363128,2,2,100.290197,96.91742500000001,0,100,0,0,0,50,TRUE,2,2026-04-20 14:17:54 EDT
h_1000187570,"Iriotakis, Charlie",WM_TRI,William & Mary,CAA,2026,Left,Unknown,Unknown,13,55.60288640595903,45.48417132216015,58.28677839851024,71.13594040968343,5.167597765363128,2,2,99.77883200000001,99.05396,0,100,0,0,0,50,TRUE,2,2026-04-20 14:17:54 EDT
h_827671,"Stallman, Reed",MSU_BDG,Mississippi State,SEC,2026,Left,Unknown,Unknown,14,55.239757914338924,58.845437616387336,63.68715083798882,53.81750465549349,26.955307262569836,4,3,104.715772,98.30739333333334,0,75,25,10,0,35.294117647058826,TRUE,11,2026-04-20 14:17:54 EDT
h_1000087044,"Son, Junho",RAD_HIG,Radford,Big South,2026,Left,Unknown,Unknown,15,55.1024208566108,58.75232774674115,47.486033519553075,69.6461824953445,16.201117318435756,4,3,96.111062,92.57502333333333,0,100,0,11.11111111111111,0,33.33333333333334,TRUE,10,2026-04-20 14:17:54 EDT
h_804826,"Ogden, Jake",MIA_HUR,Miami,ACC,2026,Right,Unknown,Unknown,16,54.6671322160149,53.11918063314711,50.83798882681564,71.13594040968343,14.385474860335195,4,2,96.172039,95.787275,0,100,0,0,0,29.411764705882348,TRUE,12,2026-04-20 14:17:54 EDT
h_815976,"French, Anderson",VIR_TEC,Virginia Tech,ACC,2026,Left,Unknown,Unknown,17,53.75465549348232,72.81191806331472,69.64618249534452,32.77467411545624,52.932960893854755,26,7,100.814654,81.10410285714286,14.285714285714286,55.55555555555556,44.44444444444444,20.634920634920636,15.380600999999999,10.569105691056919,FALSE,110,2026-04-20 14:17:54 EDT
h_808786,"Duer, Jake",TEX_AGG,Texas A&M,SEC,2026,Left,Unknown,Unknown,18,52.993482309124765,61.12662942271881,53.63128491620112,52.32774674115456,22.06703910614525,4,4,99.481192,93.7877575,0,100,0,40,0,60,TRUE,4,2026-04-20 14:17:54 EDT
h_812674,"Schmidt, Kent",GIT_YEL,Georgia Tech,ACC,2026,Left,Unknown,Unknown,19,52.69087523277467,47.53258845437617,54.74860335195532,71.13594040968343,21.787709497206702,3,2,100.24208800000001,92.82260000000001,0,100,0,0,0,16.666666666666657,TRUE,10,2026-04-20 14:17:54 EDT
h_831426,"Hurt, Willie",VIR_TEC,Virginia Tech,ACC,2026,Left,Unknown,Unknown,20,52.61173184357542,67.13221601489758,45.065176908752335,62.56983240223463,37.709497206703915,7,3,95.340872,91.30966666666667,0,85.71428571428571,14.285714285714286,18.75,0,21.73913043478261,TRUE,18,2026-04-20 14:17:54 EDT
h_831481,"Chandler, Aimon",VIR_TEC,Virginia Tech,ACC,2026,Left,Unknown,Unknown,21,52.01582867783985,57.774674115456236,52.513966480446925,60.70763500931099,31.00558659217877,4,3,101.32025399999999,90.06756666666666,0,80,20,14.285714285714286,0,25,FALSE,12,2026-04-20 14:17:54 EDT
h_838741,"Daniel, Pete",VIR_TEC,Virginia Tech,ACC,2026,Right,Unknown,Unknown,22,51.771415270018615,72.76536312849161,39.29236499068901,59.031657355679705,38.96648044692738,41,25,100.435096,83.08196375,0,76.92307692307692,23.076923076923077,14.942528735632184,0,21.42857142857143,TRUE,121,2026-04-20 14:17:54 EDT
h_1000133703,"Lethert, Teige",VCU_RAM,VCU,Atlantic 10,2026,Left,Unknown,Unknown,23,50.826350093109866,42.737430167597765,47.299813780260706,71.13594040968343,4.050279329608939,2,2,98.71552799999999,89.22808,0,100,0,0,0,60,TRUE,2,2026-04-20 14:17:54 EDT
h_814963,"Meglio, Charlie",RUT_SCA,Rutgers,Big Ten,2026,Right,Unknown,Unknown,24,50.75651769087524,57.30912476722533,54.18994413407821,57.16945996275606,36.1731843575419,4,3,101.591134,90.90669333333334,0,80,20,20,0,25,TRUE,12,2026-04-20 14:17:54 EDT
h_831482,"Ball, Ethan",VIR_TEC,Virginia Tech,ACC,2026,Left,Unknown,Unknown,25,50.668063314711354,72.48603351955306,52.141527001862194,38.91992551210428,42.039106145251395,52,35,103.427142,87.80969971428571,0,67,33,28.42105263157895,-0.30134600000000944,29.01554404145078,FALSE,137,2026-04-20 14:17:54 EDT
h_825763,"Nunnallee, James",MSU_BDG,Mississippi State,SEC,2026,Left,Unknown,Unknown,26,50.637802607076345,55.819366852886404,34.26443202979516,71.13594040968343,9.776536312849162,4,3,94.105168,87.33006333333334,0,100,0,0,0,35.294117647058826,TRUE,11,2026-04-20 14:17:54 EDT
h_823374,"Murray, Noah",VIR_CAV,Virginia,ACC,2026,Right,Unknown,Unknown,27,50.51443202979515,58.05400372439479,52.513966480446925,59.031657355679705,38.96648044692738,5,2,97.35501500000001,95.728795,0,83.33333333333333,16.666666666666668,20,0,21.05263157894737,TRUE,15,2026-04-20 14:17:54 EDT
h_10121639,"Haesler, Keegan",JMU_DUK,James Madison,Sun Belt,2026,Left,Unknown,Unknown,28,50.40735567970205,55.72625698324022,33.89199255121043,71.13594040968343,10.195530726256983,4,3,94.092962,87.27183000000001,0,100,0,0,0,33.33333333333334,TRUE,8,2026-04-20 14:17:54 EDT
h_1000314364,"Guanzon, Ian",ETS_BUC,East Tennessee State,SoCon,2026,Right,Unknown,Unknown,29,50.02793296089386,56.79702048417132,46.741154562383606,62.569832402234645,31.28491620111732,4,3,97.14662399999999,90.74061666666667,0,83.33333333333333,16.666666666666668,14.285714285714286,0,28.57142857142857,TRUE,10,2026-04-20 14:17:54 EDT
h_815155,"Clark, Levi",TEN_VOL,Tennessee,SEC,2026,Right,Unknown,Unknown,30,49.127094972067034,59.21787709497207,46.927374301675975,51.39664804469274,25.558659217877096,4,4,100.237027,86.2930425,0,75,25,14.285714285714286,0,42.85714285714286,TRUE,8,2026-04-20 14:17:54 EDT
h_811781,"Gates, Sam",VIR_TEC,Virginia Tech,ACC,2026,Left,Unknown,Unknown,31,48.060986964618245,70.62383612662941,34.82309124767225,52.700186219739294,37.011173184357546,47,25,100.247515,77.52157708333334,0,75,25,13.978494623655914,0.6451200000000057,18.713450292397653,FALSE,139,2026-04-20 14:17:54 EDT
h_828345,"Alvarez, Alonzo",MIA_HUR,Miami,ACC,2026,Left,Unknown,Unknown,32,48.05865921787709,38.17504655493482,57.72811918063314,59.21787709497207,14.804469273743017,3,1,99.41504,99.41504,0,100,0,NA,0,75,TRUE,1,2026-04-20 14:17:54 EDT
h_703494,"Didawick, Harrison",VIR_CAV,Virginia,ACC,2026,Left,Unknown,Unknown,33,47.91433891992551,64.9441340782123,41.154562383612664,49.906890130353815,32.960893854748605,5,4,100.242818,84.92723000000001,0,90,10,42.857142857142854,0,53.333333333333336,TRUE,7,2026-04-20 14:17:54 EDT
h_824567,"Lutterman, Hudson",VIR_TEC,Virginia Tech,ACC,2026,Right,Unknown,Unknown,34,47.5977653631285,70.11173184357543,31.843575418994416,53.07262569832403,32.402234636871505,43,32,97.33115000000001,82.0504235483871,0,87.23404255319149,12.76595744680851,35.869565217391305,3.672780000000003,37.57225433526011,FALSE,108,2026-04-20 14:17:54 EDT
h_804746,"Williams, Derek",MIA_HUR,Miami,ACC,2026,Right,Unknown,Unknown,35,47.58379888268157,44.32029795158287,58.28677839851024,54.74860335195532,28.212290502793298,3,2,99.769508,99.31186,0,75,25,0,0,25,TRUE,6,2026-04-20 14:17:54 EDT
h_838742,"Grube, Sam",VIR_TEC,Virginia Tech,ACC,2026,Left,Unknown,Unknown,36,47.58379888268156,71.04283054003724,32.774674115456236,51.39664804469274,34.35754189944134,57,38,98.44330400000001,81.83093621621622,0,78.16091954022988,21.839080459770116,25,0,29.081632653061234,FALSE,139,2026-04-20 14:17:54 EDT
h_1000182451,"Schmidly, Ike",JMU_DUK,James Madison,Sun Belt,2026,Right,Unknown,Unknown,37,46.92271880819367,65.27001862197393,41.340782122905026,45.99627560521415,34.357541899441344,5,5,104.58625,82.099372,0,88.88888888888889,11.11111111111111,50,0,58.33333333333333,TRUE,5,2026-04-20 14:17:54 EDT
h_828162,"Kellner, Boston",TEX_AGG,Texas A&M,SEC,2026,Right,Unknown,Unknown,38,46.76443202979516,44.41340782122905,43.76163873370577,69.6461824953445,24.860335195530727,3,2,97.14611000000001,88.30199,0,100,0,11.11111111111111,0,22.222222222222214,TRUE,14,2026-04-20 14:17:54 EDT
h_813527,"Gary, Bennett",MIA_HUR,Miami,ACC,2026,Left,Unknown,Unknown,39,46.69227188081937,32.4953445065177,47.672253258845444,71.13594040968343,5.167597765363128,1,1,94.46835,94.46835,0,100,0,0,0,50,TRUE,1,2026-04-20 14:17:54 EDT
h_828130,"Dubovik, Dylan",MIA_HUR,Miami,ACC,2026,Right,Unknown,Unknown,40,46.671322160148975,54.46927374301676,52.886405959031656,47.11359404096834,36.03351955307262,4,3,98.247748,94.54839,0,77.77777777777777,22.22222222222222,33.333333333333336,0,35.71428571428571,TRUE,9,2026-04-20 14:17:54 EDT
h_10078856,"Barrow, Ben",JMU_DUK,James Madison,Sun Belt,2026,Right,Unknown,Unknown,41,46.273277467411546,32.262569832402235,46.74115456238362,71.13594040968343,5.167597765363128,1,1,94.27216,94.27216,0,100,0,0,0,50,TRUE,2,2026-04-20 14:17:54 EDT
h_806039,"Burress, Drew",GIT_YEL,Georgia Tech,ACC,2026,Right,Unknown,Unknown,42,45.31191806331471,47.90502793296089,57.16945996275606,42.83054003724394,30.446927374301676,3,3,103.03583,91.96505,0,75,25,25,0,41.666666666666664,TRUE,7,2026-04-20 14:17:54 EDT
h_831539,"Frei, Gehrig",MSU_BDG,Mississippi State,SEC,2026,Right,Unknown,Unknown,43,45.08845437616387,47.8584729981378,58.65921787709497,42.27188081936686,34.35754189944134,4,2,102.857617,94.054925,0,83.33333333333333,16.666666666666668,50,-5.188822999999999,62.5,TRUE,3,2026-04-20 14:17:54 EDT
h_10277040,"Seguin, Josiah",JMU_DUK,James Madison,Sun Belt,2026,Right,Unknown,Unknown,44,44.86266294227188,48.184357541899445,29.422718808193668,71.13594040968343,16.620111731843576,5,1,NA,NA,0,100,0,0,0,25,TRUE,6,2026-04-20 14:17:54 EDT
h_703551,"Gibson, Ethan",VIR_TEC,Virginia Tech,ACC,2026,Right,Unknown,Unknown,45,44.56005586592179,67.5977653631285,32.960893854748605,47.486033519553075,39.24581005586592,27,14,95.880177,84.58343785714285,0,68.57142857142857,31.428571428571427,17.5,-2.695042000000001,23.91304347826086,FALSE,70,2026-04-20 14:17:54 EDT
h_835059,"DiMartini, Michael",DUK_BLU,Duke,ACC,2026,Right,Unknown,Unknown,46,44.26443202979515,36.82495344506518,52.513966480446925,59.031657355679705,24.022346368715088,3,1,96.96419,96.96419,0,83.33333333333333,16.666666666666668,20,0,50,TRUE,5,2026-04-20 14:17:54 EDT
h_826306,"Marsh, Tatum",STA_CAR,Stanford,ACC,2026,Right,Unknown,Unknown,47,44.12476722532588,36.73184357541899,64.99068901303538,46.18249534450652,32.40223463687151,3,1,103.4522,103.4522,0,66.66666666666667,33.333333333333336,0,0,25,TRUE,6,2026-04-20 14:17:54 EDT
h_695674,"Hughes, Treyson",VIR_TEC,Virginia Tech,ACC,2026,Left,Unknown,Unknown,48,43.85474860335196,67.22532588454376,27.56052141527002,49.720670391061454,34.07821229050279,40,21,97.28114400000001,75.5978255,0,75,25,18.46153846153846,-1.453737999999987,25.342465753424662,FALSE,109,2026-04-20 14:17:54 EDT
h_1000119183,"Curless, Tristan",ETS_BUC,East Tennessee State,SoCon,2026,Left,Unknown,Unknown,49,43.58938547486035,52.09497206703911,45.2513966480447,45.2513966480447,29.329608938547484,4,3,97.398386,88.66528333333333,0,70,30,20,0,50,TRUE,7,2026-04-20 14:17:54 EDT
h_838762,"Raymond, Andrew",MSU_BDG,Mississippi State,SEC,2026,Left,Unknown,Unknown,50,42.4953445065177,41.62011173184358,33.333333333333336,71.13594040968343,24.022346368715084,4,1,90.28641,90.28641,0,100,0,0,0,12.5,TRUE,14,2026-04-20 14:17:54 EDT
h_827685,"Sasaki, Rintaro",STA_CAR,Stanford,ACC,2026,Left,Unknown,Unknown,51,42.43482309124768,57.72811918063315,57.91433891992551,24.953445065176908,47.76536312849162,5,3,104.598014,91.69133666666667,0,58.333333333333336,41.666666666666664,36.36363636363637,0,30,FALSE,14,2026-04-20 14:17:54 EDT
h_1000116120,"Guerrero, Jack",JMU_DUK,James Madison,Sun Belt,2026,Left,Unknown,Unknown,52,41.83426443202979,51.21042830540037,34.63687150837989,52.32774674115456,25.698324022346366,4,3,91.881102,89.85371,0,100,0,40,0,40,TRUE,6,2026-04-20 14:17:54 EDT
h_702973,"Johnson, Kyle",VIR_CAV,Virginia,ACC,2026,Right,Unknown,Unknown,53,41.75977653631285,52.83985102420857,56.61080074487895,34.0782122905028,51.39664804469274,5,2,100.008104,95.70964000000001,0,66.66666666666667,33.333333333333336,27.272727272727273,0,18.75,TRUE,13,2026-04-20 14:17:54 EDT
h_1000281926,"Little, Joey",ETS_BUC,East Tennessee State,SoCon,2026,Right,Unknown,Unknown,54,41.66433891992552,29.562383612662945,35.940409683426445,71.13594040968343,3.4916201117318435,1,1,90.93875,90.93875,0,100,0,0,0,66.66666666666667,TRUE,1,2026-04-20 14:17:54 EDT
h_815489,"Lougee, Jeff",DUK_BLU,Duke,ACC,2026,Left,Unknown,Unknown,55,41.496741154562386,30.027932960893853,37.80260707635009,71.13594040968343,10.195530726256983,1,1,91.89642,91.89642,0,100,0,0,0,33.33333333333334,TRUE,2,2026-04-20 14:17:54 EDT
h_1000480577,"Bartletti, Louis",WM_TRI,William & Mary,CAA,2026,Right,Unknown,Unknown,56,40.87290502793296,51.117318435754186,42.45810055865922,44.1340782122905,36.45251396648045,4,3,96.659294,87.92614333333334,0,85.71428571428571,14.285714285714286,50,0,45.45454545454546,TRUE,6,2026-04-20 14:17:54 EDT
h_838743,"Petrich, Owen",VIR_TEC,Virginia Tech,ACC,2026,Right,Unknown,Unknown,57,40.712290502793294,66.5270018621974,34.26443202979516,37.43016759776537,48.32402234636872,43,26,98.03707299999999,83.04477708333333,0,74.68354430379746,25.31645569620253,39.56043956043956,0,26.506024096385545,TRUE,122,2026-04-20 14:17:54 EDT
h_811294,"Sorrell, Caden",TEX_AGG,Texas A&M,SEC,2026,Left,Unknown,Unknown,58,40.43994413407821,45.67039106145251,64.80446927374301,27.37430167597765,49.02234636871509,4,2,103.509002,102.23057,0,50,50,20,0,21.42857142857143,TRUE,11,2026-04-20 14:17:54 EDT
h_813359,"Teel, Aidan",MSU_BDG,Mississippi State,SEC,2026,Left,Unknown,Unknown,59,40.351489757914344,39.8975791433892,59.40409683426443,35.940409683426445,35.89385474860335,3,2,101.169651,96.336295,0,75,25,40,0,37.5,FALSE,5,2026-04-20 14:17:54 EDT
h_1000278564,"Tiroly, Joe",VIR_CAV,Virginia,ACC,2026,Right,Unknown,Unknown,60,40.344506517690874,53.86405959031657,5.772811918063314,71.13594040968343,6.70391061452514,4,4,80.72022600000001,69.4515775,0,100,0,0,0,44.44444444444444,TRUE,5,2026-04-20 14:17:54 EDT
h_1000361026,"Moody, Reece",JMU_DUK,James Madison,Sun Belt,2026,Right,Unknown,Unknown,61,40.18854748603352,50.74487895716946,21.97392923649907,63.12849162011173,23.88268156424581,4,3,93.81246999999999,81.789,0,100,0,22.22222222222222,0,30.769230769230774,TRUE,9,2026-04-20 14:17:54 EDT
h_805714,"Cooke, Henry",VIR_TEC,Virginia Tech,ACC,2026,Right,Unknown,Unknown,62,39.82076350093109,65.17690875232775,35.940409683426445,32.588454376163874,46.50837988826815,43,20,100.24066400000001,81.73919842105263,0,65.27777777777777,34.72222222222222,31.11111111111111,9.929828000000015,25.308641975308646,FALSE,121,2026-04-20 14:17:54 EDT
h_1000125439,"Bottone, Evan",MAR_THU,Marshall,Sun Belt,2026,Right,Unknown,Unknown,63,39.68575418994413,59.96275605214152,20.297951582867782,59.77653631284917,42.31843575418995,6,3,90.635691,82.471015,0,85.71428571428571,14.285714285714286,22.22222222222222,0,15.789473684210535,TRUE,16,2026-04-20 14:17:54 EDT
h_1000134813,"Thompson, Clay",JMU_DUK,James Madison,Sun Belt,2026,Right,Unknown,Unknown,64,39.681098696461824,45.62383612662942,58.28677839851024,33.70577281191806,49.30167597765363,4,2,102.904364,93.6765,0,60,40,22.22222222222222,0,20,TRUE,12,2026-04-20 14:17:54 EDT
h_1000301843,"Murdoch, Ethan",MAR_THU,Marshall,Sun Belt,2026,Right,Unknown,Unknown,65,39.4925512104283,39.19925512104283,24.767225325884542,67.78398510242086,12.011173184357542,3,2,97.66046,58.40738,0,100,0,14.285714285714286,0,50,TRUE,7,2026-04-20 14:17:54 EDT
h_10054885,"Hinson, Cooper",MAR_THU,Marshall,Sun Belt,2026,Left,Unknown,Unknown,66,39.32495344506518,31.70391061452514,31.65735567970205,71.13594040968343,14.804469273743017,2,1,89.03055,89.03055,0,100,0,0,0,28.57142857142857,TRUE,5,2026-04-20 14:17:54 EDT
h_807287,"Bates, Charlie",STA_CAR,Stanford,ACC,2026,Left,Unknown,Unknown,67,38.812849162011176,49.25512104283054,23.836126629422722,55.3072625698324,20.391061452513963,4,3,92.835772,83.45166333333333,0,100,0,33.333333333333336,0,50,TRUE,6,2026-04-20 14:17:54 EDT
h_814843,"Self, Mason",RAD_HIG,Radford,Big South,2026,Right,Unknown,Unknown,68,38.580074487895715,39.385474860335194,23.091247672253257,70.2048417132216,18.71508379888268,3,2,91.423557,83.752705,0,100,0,10,0,31.25,TRUE,11,2026-04-20 14:17:54 EDT
h_10281913,"Langley, Kyle",JMU_DUK,James Madison,Sun Belt,2026,Left,Unknown,Unknown,69,38.33100558659218,55.726256983240226,46.36871508379888,28.491620111731844,48.74301675977654,5,3,99.67814800000001,87.45799666666667,0,70,30,50,0,31.578947368421055,TRUE,13,2026-04-20 14:17:54 EDT
h_813298,"Milano, Gabriel",MIA_HUR,Miami,ACC,2026,Left,Unknown,Unknown,70,38.021415270018615,28.02607076350093,54.7486033519553,46.18249534450652,25.977653631284916,1,1,98.00078,98.00078,0,66.66666666666667,33.333333333333336,0,0,33.33333333333334,TRUE,4,2026-04-20 14:17:54 EDT
h_814181,"Advincula, Jarren",GIT_YEL,Georgia Tech,ACC,2026,Left,Unknown,Unknown,71,37.38128491620112,48.9292364990689,14.711359404096834,63.12849162011173,20.81005586592179,4,3,90.40113,75.39119,0,100,0,22.22222222222222,0,33.33333333333334,TRUE,10,2026-04-20 14:17:54 EDT
h_807408,"West, Brylan",MIA_HUR,Miami,ACC,2026,Right,Unknown,Unknown,72,37.20903165735569,33.147113594040974,25.69832402234637,71.13594040968343,18.854748603351958,3,1,86.23018,86.23018,0,100,0,0,0,22.222222222222214,TRUE,7,2026-04-20 14:17:54 EDT
h_1000222330,"Kamerer, Tyler",MAR_THU,Marshall,Sun Belt,2026,Right,Unknown,Unknown,73,37.17877094972067,59.21787709497207,15.642458100558661,47.486033519553075,25.698324022346366,5,5,87.619366,81.331858,0,100,0,50,0,53.333333333333336,TRUE,7,2026-04-20 14:17:54 EDT
h_830145,"Lambdin, Jake",DUK_BLU,Duke,ACC,2026,Right,Unknown,Unknown,74,37.10195530726257,43.57541899441341,27.932960893854744,54.74860335195532,25.279329608938546,3,3,93.494142,85.92706666666668,0,75,25,0,0,30,TRUE,7,2026-04-20 14:17:54 EDT
h_822518,"Lackey, Vahn",GIT_YEL,Georgia Tech,ACC,2026,Right,Unknown,Unknown,75,36.61545623836127,31.28491620111732,29.422718808193668,71.13594040968343,26.536312849162012,3,0,NA,NA,NA,100,0,0,0,0,TRUE,13,2026-04-20 14:17:54 EDT
h_836042,"Chatelle, Matthew",RUT_SCA,Rutgers,Big Ten,2026,Right,Unknown,Unknown,76,36.431564245810065,38.221601489757916,57.35567970204843,33.519553072625705,48.74301675977654,4,1,99.36976,99.36976,0,66.66666666666667,33.333333333333336,28.571428571428573,0,23.80952380952381,TRUE,16,2026-04-20 14:17:54 EDT
h_10264381,"Gocio, Ryan",JMU_DUK,James Madison,Sun Belt,2026,Left,Unknown,Unknown,77,36.089385474860336,43.435754189944134,17.877094972067038,64.24581005586593,24.022346368715084,3,3,92.195206,75.97359,0,100,0,20,0,28.57142857142857,TRUE,5,2026-04-20 14:17:54 EDT
h_831480,"Oxendine, CJ",VIR_TEC,Virginia Tech,ACC,2026,Right,Unknown,Unknown,78,35.75418994413408,60.75418994413408,6.70391061452514,55.8659217877095,32.402234636871505,6,4,83.535387,69.4129925,0,80,20,23.076923076923077,-15.205483000000001,30.434782608695656,FALSE,16,2026-04-20 14:17:54 EDT
h_823332,"Hott, Ethan",STA_CAR,Stanford,ACC,2026,Right,Unknown,Unknown,79,35.430633147113596,49.068901303538176,28.30540037243948,47.299813780260706,39.52513966480447,5,2,96.92541899999999,78.166695,0,70,30,18.181818181818183,0,26.31578947368422,TRUE,14,2026-04-20 14:17:54 EDT
h_814822,"Ford, Henry",TEN_VOL,Tennessee,SEC,2026,Right,Unknown,Unknown,80,34.88361266294227,47.67225325884544,46.92737430167597,25.884543761638735,47.20670391061452,4,3,99.703258,87.66328,0,60,40,33.333333333333336,0,30,TRUE,7,2026-04-20 14:17:54 EDT
h_806680,"Hacopian, Chris",TEX_AGG,Texas A&M,SEC,2026,Right,Unknown,Unknown,81,34.71601489757915,29.376163873370583,64.24581005586593,29.236499068901306,45.53072625698324,2,1,103.03378000000001,103.03378000000001,0,75,25,66.66666666666667,0,33.33333333333334,TRUE,4,2026-04-20 14:17:54 EDT
h_809764,"Chestnut, Travis",TEX_AGG,Texas A&M,SEC,2026,Right,Unknown,Unknown,82,34.42970204841713,37.38361266294227,48.23091247672253,39.292364990689016,48.184357541899445,4,1,94.77248,94.77248,0,66.66666666666667,33.333333333333336,20,0,14.285714285714292,TRUE,12,2026-04-20 14:17:54 EDT
h_806227,"Sosa, Alex",MIA_HUR,Miami,ACC,2026,Left,Unknown,Unknown,83,34.213221601489764,28.77094972067039,19.925512104283055,71.13594040968343,13.687150837988826,2,1,85.49733,85.49733,0,100,0,0,0,30,TRUE,7,2026-04-20 14:17:54 EDT
h_824647,"Onate, Mason",MAR_THU,Marshall,Sun Belt,2026,Left,Unknown,Unknown,84,33.78026070763501,42.87709497206704,26.62942271880819,54.37616387337058,41.89944134078212,4,2,93.82503600000001,84.79214,0,75,25,8.333333333333334,0,11.111111111111114,TRUE,16,2026-04-20 14:17:54 EDT
h_824574,"Smith, Jack",MAR_THU,Marshall,Sun Belt,2026,Right,Unknown,Unknown,85,33.76396648044693,48.370577281191814,46.55493482309125,26.256983240223462,56.284916201117326,5,2,96.235483,91.237295,0,42.857142857142854,57.142857142857146,20,0,11.111111111111114,TRUE,16,2026-04-20 14:17:54 EDT
h_1000133418,"Whitacre, Brady",RAD_HIG,Radford,Big South,2026,Right,Unknown,Unknown,86,33.428770949720665,40.968342644320295,13.035381750465548,59.21787709497207,15.502793296089386,3,3,87.772666,75.71550666666667,0,100,0,NA,0,60,TRUE,2,2026-04-20 14:17:54 EDT
h_1000115649,"Greco, Anthony",WM_TRI,William & Mary,CAA,2026,Left,Unknown,Unknown,87,33.282122905027926,25.139664804469273,30.167597765363126,59.21787709497207,14.245810055865922,1,1,88.26818,88.26818,0,100,0,NA,0,100,TRUE,0,2026-04-20 14:17:54 EDT
h_815729,"Sparrer, Tyler",RAD_HIG,Radford,Big South,2026,Right,Unknown,Unknown,88,33.27746741154562,31.936685288640593,38.733705772811916,53.25884543761638,42.458100558659225,3,1,92.48825000000001,92.48825000000001,0,75,25,11.11111111111111,0,11.111111111111114,TRUE,16,2026-04-20 14:17:54 EDT
h_835227,"Bonds, Peyton",RUT_SCA,Rutgers,Big Ten,2026,Right,Unknown,Unknown,89,32.67458100558659,57.35567970204842,35.009310986964614,20.670391061452513,51.25698324022346,5,5,100.02599799999999,80.156664,0,62.5,37.5,55.55555555555556,0,33.33333333333334,TRUE,10,2026-04-20 14:17:54 EDT
h_10077581,"Hudgins, Eli",RAD_HIG,Radford,Big South,2026,Left,Unknown,Unknown,90,31.885474860335194,29.329608938547484,34.07821229050279,47.486033519553075,24.30167597765363,3,1,90.4231,90.4231,0,100,0,50,0,66.66666666666667,TRUE,1,2026-04-20 14:17:54 EDT
h_807518,"Hugus, Jackson",MIA_HUR,Miami,ACC,2026,Right,Unknown,Unknown,91,31.82960893854749,22.160148975791433,29.422718808193668,59.21787709497207,14.245810055865922,1,0,NA,NA,NA,100,0,NA,0,100,TRUE,0,2026-04-20 14:17:54 EDT
h_1000115663,"Lee, Jacob",VCU_RAM,VCU,Atlantic 10,2026,Right,Unknown,Unknown,92,31.745810055865924,41.9925512104283,50.093109869646185,25.69832402234637,60.055865921787714,5,1,95.79690000000001,95.79690000000001,0,60,40,35.714285714285715,0,12,TRUE,22,2026-04-20 14:17:54 EDT
h_800606,"Grahovac, Gavin",TEX_AGG,Texas A&M,SEC,2026,Right,Unknown,Unknown,93,31.040502793296085,40.642458100558656,50.83798882681564,21.22905027932961,55.44692737430168,4,2,99.48072599999999,91.05299,0,50,50,30.76923076923077,0,20,TRUE,16,2026-04-20 14:17:54 EDT
h_702701,"Brosius, Parker",GIT_YEL,Georgia Tech,ACC,2026,Right,Unknown,Unknown,94,30.719273743016764,22.160148975791433,29.422718808193668,59.21787709497207,21.648044692737432,1,0,NA,NA,NA,100,0,NA,0,33.33333333333334,TRUE,2,2026-04-20 14:17:54 EDT
h_1000339305,"Harrison, Connor",TEX_AGG,Texas A&M,SEC,2026,Right,Unknown,Unknown,95,30.535381750465554,34.91620111731844,47.11359404096834,28.30540037243948,46.64804469273743,3,2,99.35350400000002,88.54464000000002,0,70,30,54.54545454545455,0,38.888888888888886,TRUE,11,2026-04-20 14:17:54 EDT
h_10069127,"Kiel II, Terrence",TEX_AGG,Texas A&M,SEC,2026,Right,Unknown,Unknown,96,30.509776536312856,35.1489757914339,21.60148975791434,54.74860335195532,31.983240223463685,3,2,87.364139,85.735255,0,75,25,0,0,20,TRUE,8,2026-04-20 14:17:54 EDT
h_813811,"Kirkpatrick, Nathan",VCU_RAM,VCU,Atlantic 10,2026,Right,Unknown,Unknown,97,30.46554934823092,55.353817504655495,10.986964618249536,41.713221601489764,39.66480446927375,5,4,86.075281,75.5804725,0,83.33333333333333,16.666666666666668,58.333333333333336,0,44.44444444444444,TRUE,10,2026-04-20 14:17:54 EDT
h_1000301840,"Havrilla, Aj",MAR_THU,Marshall,Sun Belt,2026,Right,Unknown,Unknown,98,30.086126629422722,29.7951582867784,12.29050279329609,71.13594040968343,26.11731843575419,3,1,82.00899,82.00899,0,100,0,0,0,8.333333333333343,TRUE,11,2026-04-20 14:17:54 EDT
h_824575,"Toole, Noah",RAD_HIG,Radford,Big South,2026,Left,Unknown,Unknown,99,29.98137802607076,27.094972067039105,13.221601489757914,71.13594040968343,21.787709497206702,2,1,82.54168,82.54168,0,100,0,0,0,16.666666666666657,TRUE,5,2026-04-20 14:17:54 EDT
h_812668,"Kerce, Carson",GIT_YEL,Georgia Tech,ACC,2026,Right,Unknown,Unknown,100,29.729981378026075,31.936685288640597,45.99627560521415,29.236499068901306,43.01675977653632,2,2,97.11947799999999,90.51698999999999,0,75,25,66.66666666666667,0,40,TRUE,3,2026-04-20 14:17:54 EDT
h_1000114445,"Aycock, Cameron",JMU_DUK,James Madison,Sun Belt,2026,Left,Unknown,Unknown,101,29.664804469273744,33.98510242085661,24.20856610800745,47.486033519553075,28.49162011173184,3,2,90.56754,85.10346,0,100,0,50,0,40,TRUE,3,2026-04-20 14:17:54 EDT
h_1000072078,"Flores, Nick",VCU_RAM,VCU,Atlantic 10,2026,Right,Unknown,Unknown,102,29.56005586592179,44.97206703910614,34.63687150837989,27.37430167597766,49.30167597765363,4,3,95.71658599999999,85.91814000000001,0,66.66666666666667,33.333333333333336,40,0,26.66666666666667,TRUE,11,2026-04-20 14:17:54 EDT
h_804562,"Cuvet, Daniel",MIA_HUR,Miami,ACC,2026,Right,Unknown,Unknown,103,29.08519553072626,38.64059590316574,4.8417132216014895,59.21787709497207,19.134078212290504,4,2,75.59907000000001,72.68375,0,100,0,25,0,40,TRUE,6,2026-04-20 14:17:54 EDT
h_1000242407,"Matlock, Luke",ETS_BUC,East Tennessee State,SoCon,2026,Right,Unknown,Unknown,104,28.905959031657357,39.57169459962756,27.93296089385475,39.85102420856611,44.41340782122904,4,2,87.58714400000001,87.45836,0,60,40,12.5,0,21.42857142857143,TRUE,11,2026-04-20 14:17:54 EDT
h_812510,"Quagliano, Coltin",DUK_BLU,Duke,ACC,2026,Right,Unknown,Unknown,105,28.656890130353815,38.26815642458101,30.353817504655495,31.098696461824954,33.65921787709497,3,3,95.85901000000001,82.93279333333334,0,75,25,50,0,60,FALSE,2,2026-04-20 14:17:54 EDT
h_813559,"Sullivan, Noah",MSU_BDG,Mississippi State,SEC,2026,Right,Unknown,Unknown,106,28.628957169459966,39.57169459962756,1.48975791433892,66.29422718808193,28.631284916201118,4,2,59.705118999999996,58.098395,0,100,0,18.181818181818183,0,21.05263157894737,TRUE,15,2026-04-20 14:17:54 EDT
h_828345,"Alvarez, Alonzo",MIA_HUR,Miami,ACC,2026,Right,Unknown,Unknown,107,28.331005586592177,33.100558659217874,23.463687150837988,44.6927374301676,28.631284916201114,3,2,93.56504600000001,82.98091000000001,0,100,0,100,-5.849993999999995,60,TRUE,2,2026-04-20 14:17:54 EDT
h_1000462705,"Perez, Brooks",DUK_BLU,Duke,ACC,2026,Left,Unknown,Unknown,108,28.077281191806332,33.24022346368715,25.884543761638735,42.83054003724394,33.24022346368715,3,2,94.31968699999999,79.858675,0,75,25,25,0,33.33333333333334,TRUE,6,2026-04-20 14:17:54 EDT
h_10009966,"Laskofski, Jamie",WM_TRI,William & Mary,CAA,2026,Left,Unknown,Unknown,109,27.860800744878958,44.22718808193669,14.52513966480447,41.71322160148976,35.614525139664806,5,2,85.307103,81.930755,0,71.42857142857143,28.571428571428573,25,0,35.71428571428571,TRUE,9,2026-04-20 14:17:54 EDT
h_1000118912,"Melendez, Axel",ETS_BUC,East Tennessee State,SoCon,2026,Left,Unknown,Unknown,110,27.448789571694604,33.70577281191807,27.746741154562386,42.830540037243956,43.01675977653632,3,2,87.918688,87.2634,0,66.66666666666667,33.333333333333336,14.285714285714286,0,20,TRUE,8,2026-04-20 14:17:54 EDT
h_804433,"Coupet, Nathanael",GIT_YEL,Georgia Tech,ACC,2026,Right,Unknown,Unknown,111,27.255586592178766,21.182495344506517,29.422718808193668,55.3072625698324,35.614525139664806,1,0,NA,NA,NA,100,0,33.333333333333336,0,20,TRUE,4,2026-04-20 14:17:54 EDT
h_10139818,"Nace, Breckin",RAD_HIG,Radford,Big South,2026,Left,Unknown,Unknown,112,26.955307262569832,33.37988826815643,13.966480446927372,55.3072625698324,34.07821229050279,3,2,86.920242,79.59957,0,100,0,33.333333333333336,0,22.222222222222214,TRUE,7,2026-04-20 14:17:54 EDT
h_806678,"Peralta, Fabio",MIA_HUR,Miami,ACC,2026,Left,Unknown,Unknown,113,26.689944134078218,43.435754189944134,30.16759776536313,25.69832402234637,51.117318435754186,4,3,95.253518,83.13131666666666,0,66.66666666666667,33.333333333333336,45.45454545454545,0,28.57142857142857,TRUE,10,2026-04-20 14:17:54 EDT
h_839111,"Watkins, Jailen",MIA_HUR,Miami,ACC,2026,Right,Unknown,Unknown,114,26.68296089385475,21.042830540037247,29.422718808193668,54.74860335195532,38.12849162011173,1,0,NA,NA,NA,NA,NA,0,0,0,TRUE,4,2026-04-20 14:17:54 EDT
h_822679,"MacDonald, Cort",STA_CAR,Stanford,ACC,2026,Left,Unknown,Unknown,115,26.62243947858473,30.121042830540034,37.61638733705772,30.353817504655495,41.20111731843575,2,2,98.59006600000001,84.96993,0,66.66666666666667,33.333333333333336,33.333333333333336,0,33.33333333333334,TRUE,4,2026-04-20 14:17:54 EDT
h_1000162895,"Tousa, Cade",VCU_RAM,VCU,Atlantic 10,2026,Left,Unknown,Unknown,116,26.233705772811913,24.39478584729981,30.726256983240223,42.83054003724394,33.24022346368715,2,1,88.358,88.358,0,75,25,25,0,33.33333333333334,TRUE,6,2026-04-20 14:17:54 EDT
h_695718,"Marsh, Bobby",DUK_BLU,Duke,ACC,2026,Left,Unknown,Unknown,117,26.159217877094974,21.368715083798882,26.81564245810056,47.486033519553075,24.30167597765363,1,1,87.27168,87.27168,0,100,0,50,0,66.66666666666667,TRUE,1,2026-04-20 14:17:54 EDT
h_1000343411,"Christman, Trey",WM_TRI,William & Mary,CAA,2026,Right,Unknown,Unknown,118,26.124301675977655,38.3147113594041,37.61638733705772,25.139664804469277,57.68156424581005,4,2,92.86996500000001,90.95862500000001,0,42.857142857142854,57.142857142857146,22.22222222222222,0,11.111111111111114,TRUE,16,2026-04-20 14:17:54 EDT
h_703550,"Jaros, Ryan",RUT_SCA,Rutgers,Big Ten,2026,Right,Unknown,Unknown,119,25.798417132216017,37.011173184357546,31.657355679702047,25.884543761638735,43.71508379888269,4,2,95.971591,83.14747500000001,0,60,40,33.333333333333336,0,33.33333333333334,TRUE,6,2026-04-20 14:17:54 EDT
h_804451,"Sheahan, Vance",MIA_HUR,Miami,ACC,2026,Right,Unknown,Unknown,120,25.537709497206706,32.30912476722533,5.772811918063315,59.21787709497207,28.07262569832402,3,2,83.992767,60.601475,0,100,0,25,0,25,TRUE,9,2026-04-20 14:17:54 EDT
h_1000120627,"Smith, Kaden",DUK_BLU,Duke,ACC,2026,Right,Unknown,Unknown,121,25.495810055865924,31.65735567970205,3.1657355679702044,59.21787709497207,20.53072625698324,3,2,70.42159099999999,65.417955,0,100,0,25,0,37.5,TRUE,5,2026-04-20 14:17:54 EDT
h_1000220194,"Perilli, Quinten",RUT_SCA,Rutgers,Big Ten,2026,Right,Unknown,Unknown,122,25.000000000000004,26.908752327746743,17.13221601489758,54.74860335195532,36.312849162011176,3,1,84.57632000000001,84.57632000000001,0,75,25,0,0,11.764705882352942,TRUE,15,2026-04-20 14:17:54 EDT
h_10100750,"Partida, Nicholas",TEX_AGG,Texas A&M,SEC,2026,Right,Unknown,Unknown,123,24.941806331471142,37.709497206703915,7.4487895716946,52.88640595903166,39.80446927374301,4,2,83.770289,73.201965,0,75,25,12.5,0,16.666666666666657,TRUE,10,2026-04-20 14:17:54 EDT
h_832363,"Jackson, Zach",VIR_CAV,Virginia,ACC,2026,Left,Unknown,Unknown,124,24.36219739292365,42.78398510242086,22.160148975791433,28.305400372439475,50.55865921787709,5,2,87.898575,85.55371500000001,0,42.857142857142854,57.142857142857146,18.181818181818183,0,15.789473684210535,FALSE,16,2026-04-20 14:17:54 EDT
h_1000068590,"Strand, Matthew",DUK_BLU,Duke,ACC,2026,Right,Unknown,Unknown,125,24.30167597765363,31.564245810055862,54.18994413407821,10.055865921787708,65.3631284916201,4,1,97.56021,97.56021,0,33.333333333333336,66.66666666666667,41.666666666666664,0,10.526315789473685,FALSE,17,2026-04-20 14:17:54 EDT
h_806021,"Antigua, Ariel",TEN_VOL,Tennessee,SEC,2026,Right,Unknown,Unknown,126,24.036312849162016,36.6852886405959,9.869646182495345,45.2513966480447,36.03351955307262,3,3,84.34894600000001,75.75847666666667,0,80,20,40,0,40,TRUE,6,2026-04-20 14:17:54 EDT
h_703552,"Krewson, Chase",RUT_SCA,Rutgers,Big Ten,2026,Left,Unknown,Unknown,127,24.013035381750466,41.94599627560522,31.65735567970205,15.456238361266294,51.39664804469274,5,2,95.517452,84.25054,0,50,50,40,0,26.31578947368422,FALSE,14,2026-04-20 14:17:54 EDT
h_801499,"DeFranco, Dante",VCU_RAM,VCU,Atlantic 10,2026,Right,Unknown,Unknown,128,24.006052141527004,36.21973929236499,22.160148975791433,31.098696461824954,40.08379888268156,3,3,88.151368,85.15716,0,75,25,50,0,40,TRUE,3,2026-04-20 14:17:54 EDT
h_831089,"Wells, Trey",RUT_SCA,Rutgers,Big Ten,2026,Right,Unknown,Unknown,129,23.97346368715084,30.819366852886404,47.299813780260706,13.966480446927372,56.00558659217877,4,1,94.4096,94.4096,0,50,50,44.44444444444444,0,26.66666666666667,TRUE,11,2026-04-20 14:17:54 EDT
h_1000224300,"Maher, Quinn",VCU_RAM,VCU,Atlantic 10,2026,Left,Unknown,Unknown,130,23.94320297951583,32.30912476722533,8.752327746741154,58.47299813780261,44.41340782122906,4,1,76.98931,76.98931,0,90.9090909090909,9.090909090909092,27.77777777777778,0,18.51851851851852,TRUE,22,2026-04-20 14:17:54 EDT
h_811441,"Rogers, Drew",GIT_YEL,Georgia Tech,ACC,2026,Right,Unknown,Unknown,131,23.717411545623836,22.81191806331471,32.960893854748605,34.26443202979516,36.73184357541899,2,1,90.14189,90.14189,0,50,50,0,0,25,TRUE,3,2026-04-20 14:17:54 EDT
h_10026274,"Keen, Hunter",RAD_HIG,Radford,Big South,2026,Right,Unknown,Unknown,132,23.598696461824957,37.150837988826815,7.07635009310987,51.02420856610801,43.29608938547486,4,2,81.597338,74.47292999999999,0,85.71428571428571,14.285714285714286,37.5,0,25,TRUE,12,2026-04-20 14:17:54 EDT
h_806027,"Becker, Eric",VIR_CAV,Virginia,ACC,2026,Left,Unknown,Unknown,133,23.39851024208567,47.43947858472998,34.63687150837989,7.07635009310987,63.12849162011173,5,3,98.953476,82.80443333333334,0,37.5,62.5,62.5,0,25,TRUE,9,2026-04-20 14:17:54 EDT
h_10100779,"Ecker, Chase",WM_TRI,William & Mary,CAA,2026,Right,Unknown,Unknown,134,23.149441340782122,23.230912476722533,39.85102420856611,29.05027932960894,49.02234636871509,2,1,93.13833,93.13833,0,33.333333333333336,66.66666666666667,0,0,9.090909090909093,TRUE,10,2026-04-20 14:17:54 EDT
h_815345,"Baker, Will",GIT_YEL,Georgia Tech,ACC,2026,Left,Unknown,Unknown,135,22.567504655493487,25.186219739292365,18.80819366852886,46.18249534450652,37.56983240223464,3,1,84.98554,84.98554,0,66.66666666666667,33.333333333333336,0,0,16.666666666666657,TRUE,10,2026-04-20 14:17:54 EDT
h_813915,"De Goti, Brandon",MIA_HUR,Miami,ACC,2026,Right,Unknown,Unknown,136,22.55586592178771,19.180633147113593,6.331471135940409,59.21787709497207,14.245810055865922,1,1,75.5964,75.5964,0,100,0,NA,0,100,TRUE,0,2026-04-20 14:17:54 EDT
h_815337,"Abernathy, Jay",TEN_VOL,Tennessee,SEC,2026,Left,Unknown,Unknown,137,22.541899441340778,28.584729981378025,29.422718808193668,34.07821229050279,51.39664804469274,4,0,NA,NA,NA,50,50,5.882352941176471,0,8.695652173913047,TRUE,21,2026-04-20 14:17:54 EDT
h_1000091127,"Powell, Brady",RAD_HIG,Radford,Big South,2026,Right,Unknown,Unknown,138,22.388268156424584,27.839851024208567,3.538175046554935,55.3072625698324,25.41899441340782,2,2,74.076836,68.59678,0,100,0,33.333333333333336,0,33.33333333333334,TRUE,4,2026-04-20 14:17:54 EDT
h_1000462698,"Duncan, Andrew",DUK_BLU,Duke,ACC,2026,Right,Unknown,Unknown,139,21.21508379888268,18.528864059590315,29.422718808193668,44.6927374301676,51.117318435754186,1,0,NA,NA,NA,100,0,100,0,0,TRUE,2,2026-04-20 14:17:54 EDT
h_1000242087,"Juarez, Gabe",ETS_BUC,East Tennessee State,SoCon,2026,Right,Unknown,Unknown,140,21.154562383612664,22.346368715083802,61.82495344506518,3.538175046554935,68.71508379888269,2,1,101.04315,101.04315,0,33.333333333333336,66.66666666666667,66.66666666666667,0,16.666666666666657,TRUE,5,2026-04-20 14:17:54 EDT
h_812494,"Brown, Cade",GIT_YEL,Georgia Tech,ACC,2026,Right,Unknown,Unknown,141,20.712290502793298,18.156424581005588,2.2346368715083798,59.21787709497207,14.245810055865922,1,1,62.601380000000006,62.601380000000006,0,100,0,NA,0,100,TRUE,0,2026-04-20 14:17:54 EDT
h_10277040,"Seguin, Josiah",JMU_DUK,James Madison,Sun Belt,2026,Left,Unknown,Unknown,142,20.62383612662942,35.381750465549345,35.19553072625698,14.152700186219738,62.56983240223464,5,1,90.73208,90.73208,0,50,50,42.857142857142854,0,15.384615384615387,TRUE,11,2026-04-20 14:17:54 EDT
h_703486,"Albright, Tyler",DUK_BLU,Duke,ACC,2026,Right,Unknown,Unknown,143,20.11638733705773,34.5903165735568,7.262569832402235,40.59590316573557,42.737430167597765,4,2,80.783475,75.215935,0,57.142857142857146,42.857142857142854,0,0,14.285714285714292,TRUE,18,2026-04-20 14:17:54 EDT
h_10106448,"Kosuda, Matthew",WM_TRI,William & Mary,CAA,2026,Left,Unknown,Unknown,144,19.76256983240224,28.119180633147113,29.7951582867784,20.670391061452516,47.20670391061452,4,1,88.21789,88.21789,0,66.66666666666667,33.333333333333336,66.66666666666667,0,40,TRUE,6,2026-04-20 14:17:54 EDT
h_824575,"Toole, Noah",RAD_HIG,Radford,Big South,2026,Right,Unknown,Unknown,145,19.52048417132216,19.134078212290504,29.422718808193668,34.26443202979516,46.64804469273743,2,0,NA,NA,NA,50,50,0,0,0,TRUE,7,2026-04-20 14:17:54 EDT
h_815514,"Newstrom, Chris",TEN_VOL,Tennessee,SEC,2026,Right,Unknown,Unknown,146,18.67783985102421,28.77094972067039,14.15270018621974,36.6852886405959,46.36871508379889,3,2,86.43359500000001,80.011575,0,57.142857142857146,42.857142857142854,16.666666666666668,0,22.222222222222214,TRUE,14,2026-04-20 14:17:54 EDT
h_1000302625,"O'Neil, Liam",WM_TRI,William & Mary,CAA,2026,Left,Unknown,Unknown,147,17.909683426443202,28.026070763500933,32.402234636871505,15.456238361266294,56.70391061452514,3,2,90.380015,89.009915,0,50,50,40,0,23.076923076923066,TRUE,10,2026-04-20 14:17:54 EDT
h_832195,"Moran, JJ",STA_CAR,Stanford,ACC,2026,Right,Unknown,Unknown,148,17.674581005586592,19.08752327746741,29.422718808193668,22.3463687150838,38.96648044692738,3,0,NA,NA,NA,50,50,NA,0,33.33333333333334,FALSE,2,2026-04-20 14:17:54 EDT
h_1000281920,"Galusky, Ty",ETS_BUC,East Tennessee State,SoCon,2026,Left,Unknown,Unknown,149,16.552607076350096,18.94785847299814,0.74487895716946,51.02420856610801,26.955307262569832,2,1,55.113,55.113,0,100,0,42.857142857142854,0,41.666666666666664,TRUE,7,2026-04-20 14:17:54 EDT
h_804563,"Marin, Manny",TEN_VOL,Tennessee,SEC,2026,Right,Unknown,Unknown,150,16.319832402234635,32.029795158286774,13.594040968342645,22.905027932960895,46.50837988826815,3,3,90.032024,74.74197333333333,0,60,40,40,0,33.33333333333334,TRUE,6,2026-04-20 14:17:54 EDT
h_827330,"Carreras, Yomar",RUT_SCA,Rutgers,Big Ten,2026,Left,Unknown,Unknown,151,16.28724394785847,32.16945996275605,16.759776536312845,20.297951582867782,50.13966480446928,3,3,85.12807600000001,83.38422666666666,0,62.5,37.5,60,0,38.46153846153846,TRUE,8,2026-04-20 14:17:54 EDT
h_806115,"Hamilton, RJ",DUK_BLU,Duke,ACC,2026,Right,Unknown,Unknown,152,16.01722532588454,19.50651769087523,40.78212290502793,13.221601489757914,62.43016759776536,2,1,93.57956,93.57956,0,33.333333333333336,66.66666666666667,33.333333333333336,0,12.5,TRUE,7,2026-04-20 14:17:54 EDT
h_1000148955,"Ferguson, Henry",ETS_BUC,East Tennessee State,SoCon,2026,Right,Unknown,Unknown,153,15.735567970204844,21.834264432029794,20.670391061452516,30.91247672253259,53.07262569832402,3,1,85.8506,85.8506,0,50,50,14.285714285714286,0,8.333333333333343,TRUE,11,2026-04-20 14:17:54 EDT
h_1000142987,"Palmese, Jamie",ETS_BUC,East Tennessee State,SoCon,2026,Right,Unknown,Unknown,154,15.337523277467414,31.191806331471135,15.083798882681563,18.063314711359407,46.2290502793296,3,3,91.704228,74.38423333333334,0,60,40,50,0,42.85714285714286,TRUE,4,2026-04-20 14:17:54 EDT
h_702256,"Chapman, Reese",TEN_VOL,Tennessee,SEC,2026,Left,Unknown,Unknown,155,14.930167597765365,31.33147113594041,11.918063314711361,22.905027932960895,50,4,2,89.775445,68.92710500000001,0,60,40,40,0,30,TRUE,7,2026-04-20 14:17:54 EDT
h_813909,"Copeland, Cian",MIA_HUR,Miami,ACC,2026,Left,Unknown,Unknown,156,14.84869646182495,13.966480446927374,29.422718808193668,26.44320297951583,50.97765363128492,1,0,NA,NA,NA,0,100,0,0,0,TRUE,4,2026-04-20 14:17:54 EDT
h_825579,"Brown, Blaine",TEN_VOL,Tennessee,SEC,2026,Left,Unknown,Unknown,157,14.567039106145252,20.43761638733706,8.007448789571695,37.98882681564246,39.385474860335194,3,1,75.9922,75.9922,0,75,25,37.5,0,33.33333333333334,TRUE,10,2026-04-20 14:17:54 EDT
h_824554,"Adelman, Trent",VCU_RAM,VCU,Atlantic 10,2026,Right,Unknown,Unknown,158,14.366852886405962,15.176908752327746,15.270018621973927,34.26443202979516,37.43016759776536,1,1,83.51823,83.51823,0,66.66666666666667,33.333333333333336,25,0,33.33333333333334,TRUE,4,2026-04-20 14:17:54 EDT
h_702713,"Binderup, Blake",TEX_AGG,Texas A&M,SEC,2026,Right,Unknown,Unknown,159,14.185288640595903,18.20297951582868,9.497206703910614,39.292364990689016,41.62011173184358,2,1,78.19906,78.19906,0,66.66666666666667,33.333333333333336,20,0,25,TRUE,6,2026-04-20 14:17:54 EDT
h_10025942,"Chavez, Conner",WM_TRI,William & Mary,CAA,2026,Right,Unknown,Unknown,160,14.131750465549345,17.923649906890127,17.690875232774673,29.98137802607076,44.832402234636874,2,1,84.74674,84.74674,0,71.42857142857143,28.571428571428573,50,0,36.36363636363637,TRUE,7,2026-04-20 14:17:54 EDT
h_822701,"Salinas, Tristan",RUT_SCA,Rutgers,Big Ten,2026,Left,Unknown,Unknown,161,14.113128491620115,20.90316573556797,29.422718808193668,18.435754189944134,61.03351955307262,3,1,NA,NA,0,50,50,33.333333333333336,0,10,TRUE,9,2026-04-20 14:17:54 EDT
h_822961,"Halter, Jackson",MAR_THU,Marshall,Sun Belt,2026,Left,Unknown,Unknown,162,13.447392923649907,20.2048417132216,1.1173184357541899,43.94785847299814,40.08379888268156,3,1,55.754740000000005,55.754740000000005,0,80,20,42.857142857142854,0,33.33333333333334,TRUE,10,2026-04-20 14:17:54 EDT
h_698840,"Nati, Jimmy",STA_CAR,Stanford,ACC,2026,Right,Unknown,Unknown,163,12.849162011173183,12.942271880819366,29.422718808193668,22.3463687150838,54.74860335195531,1,0,NA,NA,NA,50,50,25,0,14.285714285714292,TRUE,6,2026-04-20 14:17:54 EDT
h_803344,"Galvin, Max",MIA_HUR,Miami,ACC,2026,Left,Unknown,Unknown,164,12.523277467411543,15.595903165735567,0.186219739292365,51.02420856610801,43.57541899441341,1,1,36.112030000000004,36.112030000000004,0,100,0,42.857142857142854,0,12.5,TRUE,7,2026-04-20 14:17:54 EDT
h_824456,"Conner, Nate",ETS_BUC,East Tennessee State,SoCon,2026,Left,Unknown,Unknown,165,12.176443202979515,22.81191806331471,29.422718808193668,10.986964618249536,66.62011173184358,4,0,NA,NA,NA,37.5,62.5,46.15384615384615,0,15,TRUE,17,2026-04-20 14:17:54 EDT
h_10106448,"Kosuda, Matthew",WM_TRI,William & Mary,CAA,2026,Right,Unknown,Unknown,166,11.580540037243946,22.20670391061452,29.422718808193668,8.566108007448788,64.9441340782123,4,0,NA,NA,NA,50,50,75,0,20,TRUE,4,2026-04-20 14:17:54 EDT
h_1000304697,"Santangelo, Ryan",WM_TRI,William & Mary,CAA,2026,Right,Unknown,Unknown,167,11.003258845437616,16.80633147113594,29.422718808193668,13.221601489757914,62.15083798882682,3,0,NA,NA,NA,33.333333333333336,66.66666666666667,33.333333333333336,0,13.333333333333329,TRUE,13,2026-04-20 14:17:54 EDT
h_10077581,"Hudgins, Eli",RAD_HIG,Radford,Big South,2026,Right,Unknown,Unknown,168,10.307262569832401,16.713221601489757,29.422718808193668,12.849162011173185,65.92178770949721,3,0,NA,NA,NA,20,80,33.333333333333336,0,0,TRUE,11,2026-04-20 14:17:54 EDT
h_806138,"Lavin, Luke",STA_CAR,Stanford,ACC,2026,Left,Unknown,Unknown,169,10.176908752327742,16.620111731843572,29.422718808193668,12.476722532588454,65.92178770949721,3,0,NA,NA,NA,16.666666666666668,83.33333333333333,33.333333333333336,0,7.692307692307693,TRUE,12,2026-04-20 14:17:54 EDT
h_806117,"Harris, Sam",VIR_CAV,Virginia,ACC,2026,Left,Unknown,Unknown,170,9.95344506517691,34.96275605214153,8.938547486033519,10.242085661080075,64.80446927374301,5,2,84.81147000000001,74.41183000000001,0,33.333333333333336,66.66666666666667,40,0,13.63636363636364,TRUE,19,2026-04-20 14:17:54 EDT
h_836029,"Jouras, Noah",VIR_CAV,Virginia,ACC,2026,Right,Unknown,Unknown,171,9.120111731843577,33.56610800744879,0.186219739292365,16.201117318435752,56.145251396648035,4,3,41.071472,34.52146666666667,0,55.55555555555556,44.44444444444444,50,0,26.66666666666667,TRUE,11,2026-04-20 14:17:54 EDT
h_825840,"Daniel, Caleb",GIT_YEL,Georgia Tech,ACC,2026,Left,Unknown,Unknown,172,8.95949720670391,10.986964618249534,29.422718808193668,14.525139664804469,62.43016759776536,1,0,NA,NA,NA,0,100,NA,0,0,TRUE,4,2026-04-20 14:17:54 EDT
h_815986,"Stephenson, Dominic",GIT_YEL,Georgia Tech,ACC,2026,Right,Unknown,Unknown,173,8.95949720670391,10.986964618249534,29.422718808193668,14.525139664804469,62.43016759776536,1,0,NA,NA,NA,0,100,25,0,0,TRUE,6,2026-04-20 14:17:54 EDT
h_815415,"Hernandez, Alex",GIT_YEL,Georgia Tech,ACC,2026,Right,Unknown,Unknown,174,8.784916201117314,18.01675977653631,16.75977653631285,19.553072625698324,61.17318435754191,3,1,84.49251,84.49251,0,40,60,30,0,13.333333333333329,TRUE,13,2026-04-20 14:17:54 EDT
h_10025207,"Woolwine, Jackson",WM_TRI,William & Mary,CAA,2026,Right,Unknown,Unknown,175,7.025139664804469,10.009310986964618,29.422718808193668,10.614525139664805,66.20111731843576,1,0,NA,NA,NA,0,100,33.333333333333336,0,0,TRUE,5,2026-04-20 14:17:54 EDT
h_10054378,"Gubba, Wil",MAR_THU,Marshall,Sun Belt,2026,Right,Unknown,Unknown,176,3.7965549348230923,25.512104283054004,2.793296089385475,8.752327746741154,63.8268156424581,4,2,69.544285,64.637625,0,40,60,50,0,20,TRUE,8,2026-04-20 14:17:54 EDT
h_831931,"Warden, Alec",VCU_RAM,VCU,Atlantic 10,2026,Right,Unknown,Unknown,177,3.4567039106145234,13.03538175046555,7.4487895716946,20.670391061452516,63.54748603351956,2,1,75.84063,75.84063,0,66.66666666666667,33.333333333333336,66.66666666666667,0,12.5,TRUE,7,2026-04-20 14:17:54 EDT
h_800628,"Reynolds, Brady",STA_CAR,Stanford,ACC,2026,Left,Unknown,Unknown,178,1.9064245810055862,7.355679702048417,29.422718808193668,0,75.5586592178771,1,0,NA,NA,NA,0,100,100,0,0,TRUE,3,2026-04-20 14:17:54 EDT
h_826051,"Myatt, Tyler",TEN_VOL,Tennessee,SEC,2026,Left,Unknown,Unknown,179,0,9.450651769087525,8.379888268156426,5.400372439478585,65.78212290502793,2,1,76.80266,76.80266,0,33.333333333333336,66.66666666666667,50,0,16.666666666666657,TRUE,5,2026-04-20 14:17:54 EDT
h_815427,"Johnson, Trevor",DUK_BLU,Duke,ACC,2026,Left,Unknown,Unknown,180,0,5.540037243947858,3.1657355679702044,7.821229050279329,54.88826815642459,1,1,68.8037,68.8037,0,50,50,100,0,33.33333333333334,TRUE,2,2026-04-20 14:17:54 EDT
